PID,PID_Sex,PID_Age,Manipulation,101_Manipulated,101_None,102_Manipulated,102_None,106_Manipulated,106_None,107_Manipulated,107_None,109_Manipulated,109_None,110_Manipulated,110_None,111_Manipulated,111_None,115_Manipulated,115_None,116_Manipulated,116_None,118_Manipulated,118_None,119_Manipulated,119_None,120_Manipulated,120_None,121_Manipulated,121_None,124_Manipulated,124_None,126_Manipulated,126_None,127_Manipulated,127_None,128_Manipulated,128_None,12_Manipulated,12_None,132_Manipulated,132_None,134_Manipulated,134_None,138_Manipulated,138_None,13_Manipulated,13_None,144_Manipulated,144_None,146_Manipulated,146_None,151_Manipulated,151_None,153_Manipulated,153_None,154_Manipulated,154_None,155_Manipulated,155_None,156_Manipulated,156_None,157_Manipulated,157_None,158_Manipulated,158_None,160_Manipulated,160_None,161_Manipulated,161_None,162_Manipulated,162_None,166_Manipulated,166_None,168_Manipulated,168_None,169_Manipulated,169_None,170_Manipulated,170_None,171_Manipulated,171_None,172_Manipulated,172_None,174_Manipulated,174_None,176_Manipulated,176_None,179_Manipulated,179_None,181_Manipulated,181_None,183_Manipulated,183_None,184_Manipulated,184_None,185_Manipulated,185_None,186_Manipulated,186_None,189_Manipulated,189_None,190_Manipulated,190_None,191_Manipulated,191_None,192_Manipulated,192_None,193_Manipulated,193_None,195_Manipulated,195_None,203_Manipulated,203_None,205_Manipulated,205_None,206_Manipulated,206_None,20_Manipulated,20_None,211_Manipulated,211_None,212_Manipulated,212_None,217_Manipulated,217_None,219_Manipulated,219_None,223_Manipulated,223_None,224_Manipulated,224_None,226_Manipulated,226_None,229_Manipulated,229_None,230_Manipulated,230_None,232_Manipulated,232_None,234_Manipulated,234_None,236_Manipulated,236_None,240_Manipulated,240_None,241_Manipulated,241_None,242_Manipulated,242_None,243_Manipulated,243_None,245_Manipulated,245_None,246_Manipulated,246_None,251_Manipulated,251_None,253_Manipulated,253_None,255_Manipulated,255_None,256_Manipulated,256_None,25_Manipulated,25_None,2_Manipulated,2_None,3_Manipulated,3_None,41_Manipulated,41_None,48_Manipulated,48_None,4_Manipulated,4_None,55_Manipulated,55_None,56_Manipulated,56_None,58_Manipulated,58_None,63_Manipulated,63_None,66_Manipulated,66_None,70_Manipulated,70_None,71_Manipulated,71_None,72_Manipulated,72_None,74_Manipulated,74_None,75_Manipulated,75_None,79_Manipulated,79_None,80_Manipulated,80_None,82_Manipulated,82_None,83_Manipulated,83_None,84_Manipulated,84_None,85_Manipulated,85_None,86_Manipulated,86_None,87_Manipulated,87_None,89_Manipulated,89_None,8_Manipulated,8_None,94_Manipulated,94_None,96_Manipulated,96_None,98_Manipulated,98_None
102,Female,19,Averageness,0,2,5,0,0,6,4,0,0,2,0,5,0,5,0,2,5,0,5,0,0,2,0,5,4,0,3,0,2,0,0,3,4,0,0,2,4,0,0,5,0,4,4,0,3,0,5,0,2,0,0,3,0,3,0,2,0,1,2,0,3,0,5,0,4,0,4,0,4,0,2,0,0,4,5,0,4,0,5,0,0,6,5,0,3,0,0,2,0,5,0,4,0,3,0,3,0,5,0,2,0,3,4,0,0,2,3,0,3,0,4,0,0,2,5,0,4,0,0,4,4,0,0,2,0,3,3,0,0,3,0,4,3,0,0,4,2,0,2,0,3,0,4,0,0,6,0,4,0,3,5,0,0,4,0,4,0,4,0,4,5,0,4,0,0,3,0,5,0,6,4,0,4,0,0,2,0,2,0,4,0,3,0,3,4,0,0,2,0,2,0,3,0,4,0,3,0,3,4,0,0,4,0,3,0,3,0,4,5,0,4,0,0,5,2,0,4,0
105,Female,19,Averageness,0,3,6,0,0,4,4,0,0,4,0,5,3,0,4,0,3,0,4,0,0,3,0,3,3,0,4,0,4,0,4,0,4,0,2,0,6,0,5,0,0,2,0,5,0,3,3,0,6,0,0,3,0,5,4,0,0,2,0,3,4,0,0,6,0,6,6,0,0,3,1,0,5,0,3,0,0,3,0,5,5,0,4,0,0,4,0,2,5,0,6,0,0,5,2,0,7,0,0,4,3,0,0,3,0,2,3,0,3,0,5,0,4,0,6,0,0,4,3,0,0,3,2,0,0,2,0,2,4,0,0,5,0,2,0,5,4,0,0,5,3,0,4,0,0,6,0,5,5,0,6,0,4,0,6,0,6,0,0,4,0,4,5,0,0,2,0,5,5,0,0,5,0,3,3,0,4,0,2,0,3,0,0,2,4,0,0,5,3,0,3,0,2,0,0,3,0,5,0,6,0,4,6,0,0,4,0,6,0,6,0,4,0,6,0,1,0,3
108,Male,19,Averageness,3,0,2,0,0,2,3,0,0,3,3,0,0,2,2,0,0,2,3,0,3,0,0,3,0,3,3,0,0,2,2,0,0,3,2,0,5,0,4,0,0,1,0,3,3,0,3,0,0,4,3,0,3,0,3,0,2,0,3,0,0,1,4,0,0,4,0,4,0,3,2,0,0,3,0,2,3,0,3,0,4,0,0,3,0,4,0,1,0,3,4,0,5,0,0,1,0,4,4,0,2,0,2,0,0,3,0,3,0,2,0,4,0,3,0,3,0,3,0,2,2,0,0,1,1,0,2,0,3,0,0,2,0,2,2,0,0,3,0,3,0,2,0,1,4,0,0,3,0,2,5,0,0,4,0,3,0,4,3,0,3,0,4,0,0,3,0,3,0,2,3,0,3,0,0,3,4,0,2,0,0,2,0,2,3,0,3,0,0,1,3,0,2,0,4,0,0,4,3,0,1,0,0,4,3,0,0,2,4,0,0,2,3,0,0,2,0,3
111,Female,19,Averageness,6,0,3,0,4,0,0,4,0,3,5,0,4,0,3,0,1,0,5,0,0,3,0,4,0,4,0,6,0,3,0,4,0,4,0,3,0,5,0,5,0,4,5,0,0,3,0,4,0,5,3,0,4,0,4,0,4,0,0,3,0,4,0,5,0,5,5,0,0,2,4,0,0,5,0,4,4,0,0,3,0,5,0,3,5,0,0,3,0,6,5,0,0,5,4,0,4,0,0,3,4,0,3,0,5,0,3,0,4,0,0,5,0,5,0,5,5,0,4,0,4,0,3,0,4,0,4,0,4,0,4,0,0,3,0,4,0,5,0,4,0,3,3,0,0,5,5,0,4,0,6,0,0,5,0,5,5,0,4,0,5,0,5,0,0,3,0,4,0,4,4,0,4,0,0,5,0,3,4,0,5,0,0,3,4,0,0,5,4,0,5,0,4,0,4,0,4,0,4,0,0,3,0,5,0,4,0,3,0,6,0,4,0,6,0,1,0,4
114,Male,19,Averageness,2,0,3,0,0,4,0,4,3,0,0,2,0,2,3,0,0,2,3,0,0,2,2,0,4,0,3,0,0,2,0,3,0,3,0,1,0,3,2,0,4,0,3,0,0,2,2,0,0,2,0,1,0,2,2,0,4,0,2,0,3,0,0,2,2,0,0,2,2,0,0,1,3,0,0,4,2,0,0,5,0,2,0,3,2,0,0,2,0,4,0,3,5,0,1,0,0,3,3,0,0,1,2,0,3,0,0,3,3,0,2,0,2,0,0,4,2,0,0,4,2,0,4,0,2,0,0,2,0,2,0,2,2,0,0,2,0,3,0,3,0,2,3,0,0,5,0,3,0,1,3,0,0,3,2,0,0,3,2,0,3,0,0,4,3,0,4,0,0,4,0,4,2,0,3,0,0,3,2,0,2,0,0,2,3,0,3,0,2,0,2,0,0,3,0,2,0,2,3,0,3,0,0,2,2,0,5,0,0,5,0,4,0,2,0,2,0,3
117,Female,19,Averageness,0,5,0,2,3,0,2,0,0,2,0,2,3,0,2,0,2,0,3,0,2,0,0,2,2,0,2,0,2,0,4,0,0,2,2,0,3,0,0,3,2,0,2,0,2,0,0,3,0,2,2,0,0,2,2,0,3,0,0,2,2,0,0,2,0,4,5,0,2,0,2,0,2,0,3,0,2,0,0,3,4,0,0,2,0,2,0,2,0,3,4,0,0,2,2,0,4,0,0,2,0,2,0,2,0,2,0,2,2,0,4,0,0,2,3,0,4,0,0,2,2,0,0,2,0,2,0,2,2,0,4,0,2,0,3,0,0,5,4,0,0,2,2,0,0,5,2,0,2,0,5,0,0,2,0,3,0,4,2,0,3,0,3,0,0,2,0,2,0,4,0,3,2,0,0,2,0,2,0,2,0,2,2,0,0,3,0,3,4,0,2,0,0,2,2,0,2,0,0,2,0,2,0,2,0,2,0,2,0,3,0,2,0,5,0,1,0,2
120,Female,19,Averageness,4,0,4,0,0,2,0,4,0,2,0,4,4,0,0,1,3,0,0,3,5,0,5,0,4,0,0,4,3,0,5,0,4,0,3,0,5,0,6,0,3,0,0,5,0,2,0,2,0,5,3,0,6,0,4,0,0,1,3,0,0,2,5,0,0,6,5,0,0,2,3,0,5,0,5,0,0,4,0,5,0,6,0,3,0,2,0,3,5,0,4,0,0,3,0,3,2,0,4,0,3,0,0,3,4,0,0,4,0,3,4,0,0,2,0,4,0,4,4,0,0,2,3,0,0,1,2,0,0,4,0,4,4,0,0,2,3,0,0,2,0,3,3,0,6,0,0,4,0,5,0,7,0,5,6,0,0,4,0,5,0,5,4,0,0,2,0,4,6,0,0,3,4,0,0,4,5,0,4,0,0,3,0,2,0,4,3,0,0,1,0,3,0,3,4,0,0,3,5,0,3,0,0,3,0,2,0,4,0,5,3,0,3,0,0,2,5,0
123,Male,19,Averageness,5,0,3,0,4,0,0,2,0,1,0,2,0,3,0,1,0,2,2,0,1,0,3,0,0,1,0,2,0,4,5,0,0,6,0,1,0,2,1,0,3,0,0,2,1,0,3,0,0,2,3,0,0,3,0,2,0,1,0,2,3,0,0,4,0,2,0,5,5,0,0,2,0,5,0,5,0,2,1,0,5,0,3,0,5,0,0,2,2,0,4,0,4,0,3,0,0,5,0,2,0,2,0,3,2,0,3,0,0,2,0,5,5,0,5,0,2,0,2,0,0,2,2,0,1,0,0,1,0,4,0,2,3,0,0,2,3,0,2,0,2,0,4,0,4,0,1,0,3,0,2,0,4,0,0,4,0,5,0,4,5,0,5,0,0,2,0,2,0,2,0,5,2,0,0,3,0,5,0,2,3,0,0,2,5,0,4,0,0,5,0,2,1,0,0,4,5,0,5,0,0,2,4,0,0,4,5,0,0,4,0,5,0,3,0,1,2,0
126,Male,21,Averageness,4,0,1,0,0,1,1,0,0,1,1,0,1,0,0,1,0,1,0,1,1,0,0,1,0,1,0,1,1,0,0,1,0,1,1,0,0,1,1,0,1,0,1,0,0,1,0,1,1,0,1,0,0,1,0,2,0,1,0,1,0,1,0,1,1,0,0,1,0,1,1,0,0,1,1,0,0,1,0,1,1,0,1,0,0,1,1,0,0,1,2,0,3,0,0,1,0,1,0,1,0,1,0,1,0,1,0,1,1,0,0,1,1,0,1,0,2,0,0,1,1,0,0,1,0,1,1,0,1,0,0,1,0,1,0,1,2,0,0,1,1,0,1,0,0,1,0,1,0,1,0,1,2,0,1,0,1,0,1,0,1,0,1,0,0,1,1,0,0,1,1,0,0,1,0,1,0,1,0,1,1,0,0,1,0,1,0,1,1,0,0,1,1,0,1,0,0,1,1,0,0,1,1,0,0,1,1,0,1,0,1,0,0,1,1,0,0,1
129,Female,19,Averageness,2,0,0,5,5,0,0,5,3,0,3,0,5,0,0,2,0,2,0,3,3,0,4,0,4,0,4,0,0,1,5,0,0,2,0,1,4,0,5,0,0,2,0,4,2,0,5,0,4,0,4,0,5,0,0,2,2,0,3,0,2,0,6,0,0,6,0,5,5,0,1,0,0,4,4,0,3,0,3,0,0,3,0,2,2,0,3,0,0,5,2,0,5,0,1,0,1,0,0,1,0,2,0,2,0,1,0,1,2,0,5,0,1,0,5,0,0,6,0,2,2,0,2,0,2,0,2,0,0,1,4,0,0,2,0,4,0,2,6,0,2,0,2,0,4,0,3,0,0,2,0,4,6,0,0,5,0,3,0,2,2,0,0,6,2,0,0,5,0,2,0,3,0,1,0,2,5,0,0,1,2,0,0,2,2,0,0,5,0,3,0,4,3,0,0,4,4,0,0,1,0,2,5,0,0,1,0,4,5,0,0,1,5,0,1,0,2,0
132,Female,19,Averageness,0,2,3,0,5,0,0,2,3,0,3,0,3,0,2,0,5,0,3,0,0,1,5,0,0,1,3,0,5,0,0,3,0,3,0,2,3,0,4,0,0,2,0,3,0,3,1,0,3,0,0,3,5,0,0,2,0,2,0,1,0,3,0,4,0,3,0,4,3,0,0,1,0,3,0,3,3,0,0,4,0,5,3,0,4,0,0,1,0,4,0,3,0,4,2,0,0,3,4,0,2,0,3,0,3,0,2,0,0,2,4,0,0,2,0,3,0,3,4,0,2,0,2,0,0,1,0,2,0,2,0,3,0,2,3,0,3,0,3,0,2,0,0,1,0,4,3,0,3,0,4,0,4,0,0,3,0,4,2,0,0,2,0,6,0,3,4,0,0,4,3,0,0,2,0,4,3,0,3,0,3,0,0,3,0,2,3,0,2,0,3,0,2,0,0,4,0,3,0,3,0,5,4,0,0,2,0,3,4,0,0,2,3,0,2,0,3,0
135,Female,19,Averageness,6,0,4,0,6,0,0,3,0,4,0,3,0,2,0,3,3,0,0,3,3,0,0,4,0,2,3,0,0,3,7,0,0,3,0,2,0,5,6,0,0,4,3,0,2,0,4,0,4,0,4,0,7,0,5,0,0,2,2,0,5,0,0,5,0,4,0,6,0,2,0,1,0,3,4,0,2,0,0,4,4,0,0,3,0,2,3,0,0,6,0,6,5,0,3,0,5,0,0,2,0,4,0,2,4,0,0,2,0,3,0,5,7,0,6,0,0,6,2,0,0,1,0,1,0,4,2,0,3,0,0,5,0,1,6,0,3,0,5,0,0,4,0,2,5,0,4,0,3,0,0,6,0,5,0,4,6,0,0,3,3,0,6,0,0,2,4,0,0,5,5,0,0,2,5,0,4,0,0,2,3,0,0,2,3,0,0,4,0,3,3,0,2,0,0,3,2,0,0,3,0,2,5,0,3,0,0,6,0,6,2,0,5,0,1,0,0,4
138,Male,19,Averageness,0,1,0,2,2,0,0,2,2,0,0,2,0,1,0,2,5,0,2,0,2,0,3,0,0,1,2,0,0,2,0,2,1,0,0,1,0,2,0,2,2,0,0,3,0,3,4,0,2,0,0,2,5,0,0,1,3,0,0,1,0,1,5,0,0,3,2,0,0,3,0,1,2,0,2,0,0,1,1,0,2,0,0,3,0,1,1,0,1,0,3,0,3,0,1,0,3,0,3,0,0,2,2,0,0,1,0,2,0,2,4,0,0,2,0,7,0,4,1,0,2,0,0,1,0,1,0,1,0,2,0,1,1,0,4,0,3,0,3,0,0,1,0,1,5,0,0,3,1,0,0,5,4,0,1,0,3,0,0,1,3,0,4,0,0,1,2,0,0,4,2,0,2,0,6,0,2,0,2,0,0,1,3,0,0,1,1,0,0,1,2,0,1,0,0,2,0,1,4,0,0,3,4,0,1,0,0,4,2,0,0,3,1,0,0,1,0,4
141,Female,22,Averageness,0,4,0,2,0,5,3,0,0,3,0,1,0,2,0,2,1,0,2,0,1,0,0,2,2,0,2,0,0,2,5,0,3,0,0,1,3,0,0,5,2,0,0,3,0,2,1,0,3,0,0,3,0,2,0,1,0,3,1,0,0,2,3,0,0,2,0,4,4,0,0,1,0,2,0,3,0,2,0,3,0,3,0,2,0,3,0,2,3,0,0,4,0,3,0,2,0,4,2,0,1,0,2,0,2,0,1,0,2,0,2,0,0,4,3,0,0,3,2,0,0,1,0,2,3,0,2,0,1,0,0,2,0,2,0,3,0,3,0,3,0,1,2,0,3,0,3,0,0,2,0,3,0,3,4,0,3,0,0,2,0,4,3,0,0,1,0,3,0,3,3,0,3,0,2,0,0,4,0,2,0,3,2,0,0,2,3,0,3,0,0,2,4,0,1,0,0,2,0,3,1,0,0,4,0,3,1,0,4,0,3,0,0,4,1,0,0,2
144,Male,19,Averageness,4,0,0,2,0,3,0,2,2,0,2,0,0,3,3,0,0,1,0,2,3,0,0,2,0,2,0,3,3,0,0,2,0,2,0,1,2,0,0,2,3,0,2,0,3,0,2,0,3,0,2,0,4,0,0,3,0,3,0,4,0,2,0,3,4,0,2,0,0,2,0,2,0,3,3,0,2,0,0,3,5,0,0,3,0,2,0,2,3,0,0,3,0,3,2,0,5,0,0,2,2,0,0,2,0,2,2,0,3,0,2,0,2,0,0,2,0,2,0,3,0,2,2,0,3,0,0,2,0,2,0,2,2,0,0,3,7,0,0,3,2,0,2,0,0,2,2,0,3,0,4,0,2,0,0,3,0,2,0,3,0,2,0,2,0,2,0,3,0,4,3,0,3,0,3,0,3,0,0,2,2,0,0,3,2,0,3,0,0,2,3,0,0,2,0,2,0,3,2,0,0,2,3,0,0,2,2,0,0,4,3,0,3,0,2,0,4,0
147,Female,19,Averageness,0,6,0,6,3,0,0,4,3,0,0,3,5,0,5,0,3,0,3,0,3,0,0,4,0,3,6,0,0,5,5,0,6,0,0,1,0,4,6,0,3,0,3,0,0,4,0,3,5,0,0,2,0,4,6,0,4,0,6,0,0,5,4,0,1,0,0,5,0,3,0,2,4,0,0,4,0,4,0,3,0,6,4,0,4,0,4,0,7,0,0,6,0,4,0,2,0,7,0,6,3,0,3,0,0,5,3,0,3,0,0,5,4,0,0,6,5,0,3,0,0,4,2,0,0,5,0,3,3,0,6,0,0,2,6,0,0,3,0,5,5,0,0,3,0,6,0,4,0,4,0,5,0,5,0,6,4,0,4,0,6,0,0,5,0,3,0,6,7,0,0,5,5,0,0,5,0,5,4,0,4,0,3,0,0,4,5,0,4,0,3,0,3,0,4,0,0,2,5,0,4,0,4,0,0,3,6,0,4,0,5,0,4,0,0,2,0,3
150,Male,19,Averageness,3,0,5,0,4,0,0,3,0,2,4,0,2,0,0,2,0,3,3,0,0,4,0,5,0,3,2,0,0,3,0,3,0,4,4,0,0,3,0,5,2,0,0,4,2,0,4,0,0,4,0,2,5,0,4,0,2,0,4,0,3,0,0,5,5,0,5,0,0,2,2,0,4,0,0,4,0,3,3,0,3,0,0,2,3,0,0,1,0,4,5,0,5,0,0,3,0,6,0,3,4,0,3,0,4,0,3,0,4,0,0,5,0,5,4,0,0,6,0,3,0,2,3,0,0,2,0,2,3,0,3,0,3,0,3,0,4,0,0,4,2,0,3,0,0,7,0,4,0,2,0,5,0,3,0,4,0,4,3,0,2,0,0,2,4,0,0,4,0,4,3,0,0,2,0,5,0,4,0,3,0,3,2,0,4,0,0,2,0,2,3,0,2,0,3,0,0,4,0,3,0,2,4,0,2,0,4,0,0,4,5,0,4,0,2,0,5,0
153,Male,18,Averageness,0,3,4,0,3,0,0,4,4,0,4,0,0,3,5,0,0,3,0,4,0,3,0,3,4,0,4,0,4,0,0,4,0,5,0,3,6,0,5,0,3,0,4,0,3,0,0,3,6,0,3,0,0,3,4,0,4,0,3,0,3,0,0,3,5,0,0,5,3,0,0,3,0,4,0,5,0,4,4,0,0,5,0,4,0,3,3,0,4,0,0,5,0,4,3,0,6,0,0,3,3,0,0,3,4,0,3,0,0,4,0,4,5,0,0,4,0,3,4,0,4,0,0,2,4,0,0,3,0,3,4,0,3,0,4,0,3,0,0,4,3,0,4,0,0,5,5,0,3,0,0,5,0,5,0,4,5,0,3,0,0,3,4,0,0,3,0,5,6,0,0,3,3,0,0,4,3,0,4,0,4,0,2,0,0,4,3,0,0,3,4,0,0,3,4,0,4,0,6,0,0,3,4,0,0,4,0,5,0,6,4,0,5,0,3,0,5,0
156,Male,18,Averageness,4,0,2,0,3,0,2,0,0,1,0,2,1,0,2,0,0,1,0,2,2,0,4,0,1,0,0,4,0,1,2,0,2,0,1,0,0,2,0,6,0,1,3,0,0,1,2,0,0,3,1,0,3,0,1,0,0,1,2,0,0,1,0,4,6,0,0,5,0,2,0,1,2,0,2,0,0,1,2,0,0,4,1,0,3,0,2,0,3,0,4,0,2,0,0,1,0,6,2,0,2,0,0,1,3,0,0,1,2,0,0,5,2,0,0,3,0,3,3,0,0,2,1,0,0,1,0,1,2,0,4,0,0,2,0,2,0,4,0,1,2,0,0,1,0,6,0,3,2,0,5,0,3,0,4,0,0,5,0,2,0,3,0,4,0,1,0,2,0,4,3,0,1,0,0,4,4,0,0,1,0,1,2,0,0,3,0,1,2,0,0,1,0,1,0,2,0,3,4,0,3,0,0,1,0,1,4,0,3,0,0,2,0,4,1,0,0,2
159,Female,19,Averageness,0,3,0,2,6,0,0,4,0,3,4,0,6,0,0,2,5,0,0,3,4,0,0,4,3,0,0,4,4,0,6,0,0,4,3,0,0,4,5,0,0,2,0,5,0,2,3,0,0,3,4,0,0,3,0,2,3,0,0,3,0,2,0,5,0,4,0,6,0,2,0,1,4,0,6,0,4,0,0,3,0,4,4,0,0,4,4,0,7,0,4,0,5,0,0,2,6,0,4,0,4,0,4,0,5,0,0,1,0,2,0,7,6,0,0,3,7,0,4,0,2,0,0,1,0,4,0,2,3,0,6,0,4,0,4,0,0,4,6,0,4,0,0,3,5,0,0,3,3,0,5,0,5,0,5,0,6,0,4,0,0,4,3,0,0,1,4,0,7,0,0,4,3,0,0,6,5,0,3,0,0,2,0,2,0,3,0,3,3,0,2,0,2,0,3,0,0,5,0,4,5,0,0,2,2,0,5,0,5,0,4,0,0,5,2,0,6,0
162,Female,19,Averageness,7,0,4,0,0,3,0,5,4,0,0,2,0,3,0,4,0,2,0,3,3,0,3,0,0,3,0,4,4,0,0,4,0,3,2,0,4,0,0,3,0,3,3,0,3,0,0,3,0,4,0,2,6,0,0,3,4,0,3,0,0,3,4,0,0,4,0,2,0,2,2,0,3,0,0,4,2,0,4,0,0,4,0,4,0,6,4,0,4,0,0,5,5,0,3,0,0,5,0,4,0,2,3,0,0,3,0,3,3,0,5,0,7,0,5,0,4,0,0,3,3,0,0,2,0,2,3,0,0,2,4,0,2,0,0,6,3,0,0,3,3,0,3,0,5,0,0,4,0,2,6,0,0,4,5,0,4,0,0,2,2,0,0,4,4,0,0,3,0,4,4,0,0,4,4,0,4,0,0,4,0,2,0,3,4,0,0,3,2,0,3,0,3,0,0,3,0,3,5,0,6,0,0,2,3,0,0,4,6,0,3,0,6,0,4,0,0,5
165,Female,18,Averageness,5,0,5,0,6,0,3,0,4,0,0,4,0,3,0,4,3,0,4,0,0,3,0,4,0,3,4,0,0,3,4,0,5,0,5,0,4,0,4,0,4,0,0,5,0,3,0,3,0,4,3,0,5,0,5,0,3,0,4,0,0,3,4,0,0,5,0,3,4,0,0,3,0,4,5,0,0,3,4,0,4,0,3,0,0,4,3,0,0,5,5,0,4,0,0,3,0,5,0,4,0,4,0,3,0,5,3,0,3,0,0,5,0,5,0,3,4,0,3,0,0,3,4,0,0,3,5,0,0,5,4,0,0,3,5,0,0,5,4,0,0,3,0,3,0,5,0,3,3,0,4,0,4,0,4,0,4,0,0,3,0,3,5,0,0,3,3,0,0,5,0,4,4,0,0,4,0,3,5,0,0,4,0,3,4,0,0,3,3,0,0,3,0,3,0,3,0,4,4,0,0,3,3,0,0,3,5,0,3,0,0,5,0,3,0,3,5,0
168,Male,20,Averageness,0,4,0,2,0,2,0,2,0,3,0,3,0,3,0,2,2,0,0,2,1,0,0,3,0,1,0,3,0,2,0,2,0,1,2,0,0,2,0,3,0,2,0,3,0,1,0,2,4,0,3,0,4,0,3,0,0,3,2,0,0,2,5,0,5,0,5,0,0,2,2,0,1,0,0,3,0,3,2,0,0,3,0,3,3,0,3,0,3,0,0,4,0,4,0,1,0,3,0,2,0,1,0,2,4,0,2,0,2,0,0,4,6,0,0,2,0,4,4,0,3,0,1,0,3,0,0,1,0,1,0,3,0,2,2,0,3,0,5,0,0,3,2,0,3,0,3,0,4,0,0,5,0,4,4,0,3,0,3,0,0,4,0,2,0,1,0,4,3,0,0,3,0,1,3,0,0,3,3,0,0,2,2,0,0,2,0,2,4,0,0,2,3,0,0,3,0,2,3,0,3,0,4,0,1,0,0,4,0,5,2,0,0,3,1,0,3,0
171,Male,19,Averageness,4,0,0,2,0,3,0,2,0,2,2,0,2,0,2,0,1,0,3,0,0,2,0,3,2,0,0,3,3,0,0,2,0,2,2,0,3,0,4,0,2,0,3,0,2,0,2,0,0,2,0,2,0,3,0,2,4,0,2,0,3,0,4,0,0,5,0,5,0,2,2,0,0,3,0,2,3,0,3,0,0,4,2,0,0,4,2,0,0,5,4,0,0,4,0,2,0,6,0,4,0,3,2,0,3,0,0,3,0,2,0,5,0,4,5,0,0,6,0,2,0,2,0,2,3,0,0,2,2,0,0,3,0,2,2,0,0,4,0,2,2,0,0,3,4,0,0,2,2,0,0,5,0,5,4,0,4,0,0,2,0,2,5,0,0,2,0,3,3,0,0,3,4,0,0,2,0,2,2,0,0,2,0,3,3,0,2,0,0,2,0,3,0,2,2,0,0,2,0,2,0,3,5,0,0,2,0,4,3,0,0,3,4,0,1,0,2,0
174,Male,21,Averageness,5,0,0,1,0,3,2,0,3,0,0,3,4,0,1,0,0,1,2,0,1,0,0,3,0,1,0,3,3,0,0,4,0,2,1,0,0,2,0,5,0,2,0,3,0,2,0,2,0,4,0,2,3,0,0,1,0,3,0,4,0,2,0,3,0,4,0,5,0,3,0,1,3,0,0,3,3,0,0,3,0,4,2,0,3,0,2,0,4,0,0,2,0,5,0,2,0,4,5,0,0,2,0,4,0,2,0,2,1,0,0,4,0,5,4,0,3,0,0,3,0,1,0,1,0,3,0,1,2,0,3,0,4,0,0,2,3,0,2,0,4,0,2,0,0,2,0,2,1,0,2,0,0,3,4,0,0,3,0,3,0,4,0,3,3,0,4,0,2,0,3,0,0,2,4,0,2,0,2,0,3,0,0,3,0,3,2,0,0,3,0,2,0,2,2,0,0,2,2,0,3,0,0,2,3,0,2,0,0,4,4,0,3,0,0,2,3,0
177,Female,22,Averageness,5,0,0,1,5,0,5,0,0,2,4,0,3,0,0,1,5,0,0,2,5,0,0,5,3,0,5,0,3,0,0,5,6,0,2,0,4,0,4,0,0,1,5,0,2,0,4,0,4,0,0,2,5,0,6,0,1,0,0,1,2,0,0,4,0,4,6,0,3,0,1,0,3,0,5,0,0,3,0,4,0,5,0,3,5,0,0,2,6,0,0,4,0,4,2,0,0,7,5,0,3,0,0,2,3,0,0,1,0,1,4,0,0,4,5,0,4,0,0,2,4,0,0,1,0,2,0,1,4,0,6,0,1,0,4,0,0,3,0,3,0,2,4,0,0,3,2,0,0,3,7,0,4,0,5,0,0,2,0,2,0,4,7,0,4,0,2,0,7,0,0,4,0,3,0,3,5,0,0,2,0,1,6,0,0,3,2,0,0,3,4,0,0,3,2,0,0,3,0,4,3,0,0,4,5,0,0,5,6,0,0,2,0,6,1,0,4,0
180,Female,19,Averageness,6,0,0,5,6,0,0,4,2,0,0,4,3,0,2,0,0,2,4,0,4,0,4,0,0,4,0,4,0,3,0,4,3,0,3,0,0,5,5,0,0,4,0,4,3,0,5,0,5,0,0,3,0,4,0,3,0,4,0,3,0,3,0,6,0,4,4,0,4,0,0,2,2,0,0,4,0,4,2,0,0,4,4,0,0,2,3,0,4,0,4,0,0,4,0,2,6,0,0,5,3,0,2,0,0,5,0,3,2,0,4,0,5,0,4,0,0,5,0,4,0,2,3,0,2,0,4,0,0,2,5,0,0,2,4,0,0,4,6,0,2,0,3,0,0,6,4,0,4,0,0,4,0,4,0,5,4,0,0,5,0,3,3,0,4,0,0,3,0,4,4,0,0,3,4,0,4,0,4,0,0,2,3,0,0,4,3,0,4,0,4,0,0,4,3,0,0,3,4,0,0,3,0,4,2,0,4,0,0,6,0,2,4,0,0,2,0,4
183,Male,20,Averageness,3,0,0,3,4,0,3,0,0,2,3,0,3,0,2,0,3,0,0,2,3,0,0,3,3,0,3,0,3,0,2,0,3,0,0,2,0,3,3,0,0,3,3,0,0,2,0,3,0,3,0,3,0,3,0,2,2,0,2,0,0,2,4,0,0,4,0,4,0,2,0,2,2,0,3,0,0,3,3,0,0,3,3,0,0,3,0,2,0,3,0,3,0,3,0,3,5,0,0,2,0,3,2,0,0,3,0,3,0,2,0,4,0,3,3,0,3,0,0,2,0,2,0,2,0,3,2,0,4,0,3,0,2,0,3,0,3,0,0,3,0,3,0,2,3,0,0,3,0,3,3,0,0,4,0,3,0,2,3,0,0,4,0,3,0,2,3,0,4,0,0,3,3,0,3,0,3,0,0,3,0,2,0,2,0,3,3,0,0,2,0,2,0,3,3,0,0,3,0,3,0,3,0,3,0,2,0,3,3,0,3,0,0,3,2,0,0,2
186,Female,21,Averageness,0,2,4,0,6,0,3,0,6,0,6,0,2,0,0,1,0,3,2,0,0,4,2,0,3,0,4,0,0,3,0,2,2,0,4,0,5,0,0,6,0,2,3,0,0,2,0,2,6,0,0,2,5,0,5,0,2,0,0,2,0,2,0,3,0,6,0,6,0,3,0,1,0,6,6,0,0,3,0,4,0,5,5,0,5,0,4,0,6,0,0,6,5,0,0,2,0,6,4,0,4,0,0,5,0,1,6,0,1,0,6,0,0,5,5,0,3,0,5,0,5,0,0,2,0,4,1,0,2,0,3,0,2,0,3,0,0,4,6,0,0,4,3,0,0,4,0,2,5,0,0,4,0,4,0,7,3,0,5,0,5,0,0,4,0,6,3,0,5,0,0,2,4,0,4,0,3,0,0,2,0,2,0,1,0,2,3,0,0,1,3,0,0,2,0,2,5,0,4,0,0,4,0,5,0,2,0,5,6,0,0,2,6,0,1,0,0,4
189,Female,19,Averageness,0,3,0,2,5,0,0,3,3,0,3,0,0,2,0,3,0,3,0,4,3,0,5,0,2,0,0,2,5,0,4,0,3,0,0,2,0,3,4,0,0,3,0,2,4,0,0,3,4,0,5,0,0,4,0,3,3,0,0,2,0,2,5,0,0,6,0,5,0,3,0,2,4,0,4,0,3,0,0,3,0,4,0,3,5,0,0,2,4,0,5,0,5,0,4,0,0,6,5,0,2,0,0,2,0,2,3,0,2,0,4,0,5,0,5,0,0,6,5,0,3,0,2,0,0,3,0,2,4,0,4,0,0,2,5,0,0,5,0,4,3,0,3,0,4,0,4,0,0,3,0,5,5,0,5,0,0,4,0,2,2,0,0,5,3,0,5,0,0,3,0,4,2,0,0,5,4,0,0,4,0,3,3,0,5,0,0,3,2,0,0,2,3,0,2,0,0,3,4,0,3,0,4,0,3,0,4,0,4,0,0,4,0,4,3,0,0,3
192,Female,20,Averageness,0,5,3,0,0,5,4,0,5,0,0,3,4,0,0,2,0,6,0,2,3,0,6,0,0,3,6,0,0,3,0,4,4,0,0,2,0,4,6,0,0,4,5,0,4,0,4,0,5,0,4,0,0,3,0,2,0,2,4,0,4,0,6,0,7,0,0,6,0,4,0,2,0,5,4,0,3,0,0,3,0,4,0,5,0,3,0,3,0,6,6,0,0,6,3,0,0,6,6,0,0,3,0,2,0,2,0,4,4,0,7,0,0,5,0,6,6,0,3,0,0,4,3,0,0,3,0,2,0,3,6,0,0,2,0,6,0,6,0,5,0,3,0,3,0,7,0,5,3,0,7,0,0,4,0,6,4,0,3,0,0,5,6,0,0,2,6,0,0,7,0,4,0,3,7,0,4,0,0,2,4,0,3,0,4,0,0,4,2,0,4,0,0,2,4,0,4,0,5,0,5,0,0,5,0,2,5,0,0,3,0,2,0,3,3,0,0,4
195,Female,19,Averageness,5,0,4,0,6,0,4,0,0,5,5,0,0,5,4,0,0,4,0,5,4,0,0,6,5,0,0,5,0,4,0,6,0,5,4,0,4,0,0,5,0,4,0,4,0,4,0,5,0,5,0,5,5,0,0,5,0,5,0,4,5,0,0,5,5,0,0,5,5,0,4,0,0,5,4,0,0,5,4,0,0,5,4,0,0,5,0,4,5,0,5,0,0,5,0,4,5,0,5,0,0,4,5,0,0,4,4,0,0,4,0,5,5,0,0,5,5,0,5,0,5,0,0,5,4,0,0,4,5,0,6,0,4,0,0,6,0,5,0,5,0,5,5,0,0,5,0,5,5,0,5,0,5,0,0,6,5,0,4,0,0,6,5,0,0,5,5,0,0,5,0,5,4,0,0,5,0,5,4,0,5,0,5,0,5,0,0,5,0,5,0,4,4,0,0,4,0,5,0,5,0,4,0,5,4,0,4,0,6,0,0,4,0,6,4,0,0,5
198,Female,19,Averageness,0,4,0,2,5,0,2,0,0,3,0,4,4,0,3,0,4,0,3,0,2,0,7,0,2,0,6,0,0,3,0,3,4,0,3,0,0,4,4,0,0,3,5,0,2,0,0,3,4,0,0,4,6,0,4,0,3,0,0,2,0,1,0,6,0,3,0,6,2,0,1,0,0,4,3,0,3,0,0,3,4,0,0,3,0,2,2,0,6,0,0,3,6,0,0,1,0,5,3,0,4,0,3,0,0,3,0,2,3,0,6,0,0,5,0,4,0,4,0,2,4,0,0,1,0,1,0,1,3,0,0,5,2,0,0,6,5,0,0,4,0,3,0,2,0,6,0,4,0,4,7,0,0,4,0,4,0,3,0,3,0,3,0,7,0,2,3,0,0,7,0,3,0,2,0,5,0,2,3,0,4,0,0,2,4,0,2,0,2,0,2,0,3,0,3,0,3,0,0,2,4,0,6,0,2,0,5,0,5,0,4,0,0,6,0,1,3,0
201,Female,20,Averageness,0,3,4,0,0,6,0,4,0,3,0,4,4,0,4,0,4,0,0,4,4,0,6,0,0,2,4,0,0,4,5,0,0,3,0,2,4,0,0,6,3,0,0,7,4,0,5,0,6,0,0,3,7,0,0,3,0,3,0,2,0,2,0,7,6,0,0,6,0,2,0,2,3,0,0,5,0,3,5,0,5,0,0,3,5,0,4,0,6,0,6,0,0,2,3,0,0,5,5,0,0,3,3,0,5,0,0,4,0,4,0,6,0,5,6,0,4,0,5,0,0,3,0,3,3,0,5,0,0,3,7,0,0,2,6,0,0,5,6,0,6,0,0,2,4,0,5,0,5,0,6,0,3,0,0,5,3,0,0,3,6,0,5,0,0,3,0,4,0,7,0,4,3,0,4,0,3,0,4,0,0,2,0,3,6,0,0,3,0,2,0,3,2,0,0,2,5,0,0,4,0,3,4,0,5,0,0,4,0,5,5,0,4,0,0,5,0,5
204,Female,20,Averageness,7,0,5,0,6,0,4,0,0,4,3,0,4,0,0,2,0,1,0,2,0,3,5,0,3,0,0,3,4,0,0,3,0,2,0,2,4,0,0,5,3,0,5,0,3,0,4,0,4,0,0,2,6,0,0,3,3,0,0,4,2,0,0,4,0,3,0,4,0,3,0,1,0,3,0,4,0,3,0,4,0,4,2,0,6,0,0,3,4,0,6,0,6,0,3,0,0,6,5,0,4,0,2,0,0,2,0,3,2,0,6,0,0,4,6,0,0,4,0,5,0,2,0,2,2,0,3,0,0,4,0,4,3,0,3,0,4,0,6,0,4,0,3,0,0,6,5,0,4,0,6,0,0,6,4,0,0,2,0,5,0,2,4,0,0,2,0,4,4,0,4,0,0,4,0,3,0,3,2,0,0,2,0,1,6,0,0,5,0,3,3,0,4,0,3,0,4,0,4,0,3,0,3,0,0,3,0,6,6,0,2,0,4,0,0,2,0,4
207,Female,18,Averageness,0,4,5,0,0,4,5,0,4,0,4,0,4,0,0,3,0,4,4,0,4,0,0,4,4,0,6,0,3,0,0,4,3,0,0,3,4,0,0,4,0,3,3,0,3,0,0,3,0,3,0,3,0,3,3,0,0,3,3,0,0,3,0,4,0,3,0,5,0,4,2,0,4,0,0,4,3,0,4,0,0,4,3,0,0,4,0,3,4,0,0,4,4,0,0,4,6,0,0,3,4,0,3,0,0,4,0,3,4,0,5,0,4,0,6,0,4,0,3,0,4,0,0,3,0,3,0,3,0,3,5,0,3,0,0,3,3,0,3,0,4,0,4,0,0,4,3,0,0,3,0,5,3,0,0,4,0,5,0,3,0,4,0,5,3,0,0,4,0,5,0,3,3,0,5,0,0,3,0,3,0,4,4,0,0,3,0,4,4,0,0,3,3,0,0,3,0,3,4,0,0,4,0,4,4,0,5,0,0,5,0,3,0,4,3,0,5,0
210,Female,19,Averageness,0,7,0,4,7,0,5,0,3,0,5,0,0,7,5,0,4,0,4,0,0,2,0,7,3,0,7,0,0,3,0,6,4,0,3,0,0,5,6,0,5,0,6,0,4,0,3,0,5,0,4,0,7,0,4,0,4,0,6,0,0,3,0,6,0,3,0,5,0,3,0,3,4,0,4,0,5,0,5,0,0,4,0,3,0,3,0,2,6,0,0,3,6,0,3,0,0,6,7,0,6,0,3,0,5,0,4,0,3,0,6,0,4,0,0,4,0,6,3,0,5,0,3,0,4,0,3,0,6,0,6,0,0,3,7,0,0,3,5,0,0,4,4,0,0,7,0,2,4,0,6,0,7,0,6,0,0,6,3,0,6,0,5,0,0,3,0,2,7,0,0,4,0,3,5,0,4,0,0,4,0,3,3,0,0,4,0,3,4,0,4,0,4,0,0,3,0,4,4,0,0,2,0,4,3,0,0,6,0,5,5,0,0,6,3,0,0,5
213,Male,19,Averageness,0,2,0,2,0,3,2,0,0,2,2,0,2,0,2,0,2,0,0,2,2,0,3,0,0,2,2,0,3,0,0,3,2,0,0,2,3,0,0,3,2,0,0,3,2,0,0,3,3,0,0,2,4,0,2,0,0,2,0,2,2,0,3,0,4,0,3,0,0,2,0,2,3,0,0,2,2,0,0,2,0,3,2,0,0,3,0,2,0,2,0,2,3,0,2,0,5,0,4,0,0,2,0,2,0,4,0,3,2,0,0,4,0,3,2,0,0,3,3,0,2,0,3,0,0,2,2,0,3,0,2,0,0,2,3,0,3,0,0,3,0,2,2,0,0,5,0,2,2,0,4,0,2,0,2,0,0,2,0,2,0,3,0,3,3,0,2,0,0,2,0,2,2,0,2,0,0,2,0,2,2,0,0,2,0,2,0,2,0,2,2,0,2,0,0,2,2,0,0,3,2,0,0,3,0,2,3,0,4,0,0,4,0,3,2,0,0,3
216,Female,21,Averageness,0,2,0,2,5,0,3,0,0,3,0,2,0,2,0,2,0,2,2,0,0,2,0,2,2,0,0,3,2,0,0,4,0,3,0,1,2,0,6,0,0,2,0,2,4,0,4,0,0,3,0,1,3,0,0,2,1,0,2,0,0,2,4,0,4,0,4,0,0,2,2,0,0,2,0,3,2,0,3,0,6,0,0,2,3,0,0,2,2,0,4,0,0,5,0,1,6,0,4,0,2,0,1,0,0,2,0,2,0,2,0,5,4,0,6,0,4,0,0,2,2,0,0,1,0,2,2,0,2,0,0,2,2,0,3,0,3,0,0,2,2,0,2,0,0,6,3,0,0,2,6,0,0,4,5,0,3,0,2,0,0,3,0,5,0,1,0,2,0,4,0,2,0,1,2,0,2,0,0,2,3,0,2,0,0,1,0,4,2,0,4,0,2,0,2,0,2,0,0,2,3,0,5,0,0,3,4,0,0,4,3,0,4,0,0,1,0,2
219,Female,18,Averageness,3,0,2,0,0,2,3,0,0,2,2,0,0,2,0,1,1,0,4,0,3,0,0,3,3,0,0,3,3,0,3,0,0,2,3,0,3,0,0,4,3,0,0,2,2,0,0,3,4,0,0,2,3,0,0,3,0,1,0,1,2,0,2,0,4,0,3,0,1,0,1,0,3,0,0,3,0,3,3,0,0,4,2,0,3,0,3,0,2,0,0,5,3,0,0,1,0,2,2,0,3,0,2,0,4,0,0,1,2,0,3,0,3,0,0,2,3,0,4,0,0,2,0,2,2,0,3,0,1,0,3,0,2,0,0,1,3,0,4,0,0,3,0,3,3,0,0,3,0,2,0,3,3,0,3,0,0,2,0,3,0,3,4,0,2,0,3,0,0,3,3,0,1,0,0,3,3,0,2,0,2,0,0,1,3,0,1,0,0,3,0,1,2,0,3,0,0,2,3,0,0,1,2,0,3,0,3,0,4,0,0,2,3,0,2,0,0,3
222,Female,21,Averageness,0,3,4,0,0,3,0,3,0,3,4,0,4,0,3,0,0,4,4,0,0,4,0,4,0,2,5,0,5,0,0,3,4,0,4,0,6,0,0,5,3,0,5,0,3,0,5,0,0,4,3,0,6,0,0,4,6,0,3,0,0,2,6,0,6,0,0,6,4,0,0,1,0,3,0,4,0,4,4,0,0,4,2,0,0,4,2,0,5,0,0,4,5,0,0,1,7,0,0,3,4,0,0,2,5,0,0,2,0,2,0,6,0,3,0,4,5,0,4,0,4,0,0,2,4,0,0,2,6,0,0,4,3,0,6,0,4,0,5,0,0,3,2,0,0,5,4,0,0,5,5,0,5,0,5,0,0,5,0,3,0,3,6,0,4,0,0,4,0,6,0,6,4,0,0,5,4,0,0,3,4,0,0,4,0,4,0,4,0,3,4,0,3,0,0,1,4,0,0,5,4,0,0,4,2,0,5,0,5,0,0,4,6,0,2,0,5,0
101,Female,21,Femininity,5,0,3,0,3,0,0,4,0,3,3,0,4,0,0,3,3,0,0,3,0,3,0,4,0,3,4,0,0,3,3,0,4,0,3,0,4,0,4,0,3,0,3,0,4,0,0,3,4,0,3,0,0,4,4,0,0,3,3,0,0,3,4,0,0,4,0,4,3,0,0,3,0,3,0,3,0,3,0,3,3,0,4,0,0,3,3,0,3,0,0,4,0,4,3,0,0,5,4,0,0,3,0,3,0,4,3,0,3,0,0,5,3,0,0,3,0,5,0,3,3,0,0,3,0,3,0,3,3,0,0,4,0,3,3,0,0,4,3,0,3,0,3,0,0,3,3,0,0,4,4,0,0,4,0,3,0,3,0,3,0,3,0,4,0,3,0,3,0,4,0,3,0,3,4,0,3,0,3,0,3,0,3,0,4,0,0,3,3,0,0,3,3,0,3,0,3,0,0,3,3,0,4,0,0,3,0,3,5,0,4,0,4,0,3,0,3,0
104,Female,18,Femininity,0,3,0,2,0,6,4,0,0,1,0,2,0,3,1,0,0,2,1,0,1,0,0,3,1,0,0,4,1,0,0,5,2,0,1,0,0,2,0,6,1,0,2,0,0,1,0,3,0,1,1,0,0,2,0,1,0,2,1,0,3,0,0,4,1,0,2,0,0,1,0,1,1,0,0,2,0,1,2,0,3,0,0,3,2,0,0,1,0,4,0,2,2,0,1,0,0,4,0,1,0,3,0,1,0,3,0,1,0,1,4,0,0,2,0,6,5,0,0,2,2,0,1,0,2,0,1,0,0,1,0,4,0,1,6,0,2,0,0,2,0,2,2,0,6,0,2,0,3,0,6,0,0,3,0,2,0,5,0,1,2,0,5,0,1,0,1,0,6,0,1,0,3,0,3,0,2,0,1,0,0,2,2,0,0,1,1,0,0,2,0,1,0,1,1,0,0,2,0,1,0,2,0,2,1,0,0,3,0,2,0,2,0,5,0,1,0,1
110,Female,19,Femininity,0,5,0,2,0,5,0,2,0,1,0,2,2,0,2,0,1,0,1,0,1,0,5,0,1,0,4,0,4,0,1,0,0,3,0,1,0,3,5,0,0,1,0,4,0,5,0,1,6,0,0,2,5,0,0,1,1,0,0,1,0,1,0,4,4,0,6,0,1,0,0,1,0,4,2,0,0,1,5,0,0,4,3,0,0,1,4,0,4,0,0,4,5,0,1,0,0,5,0,1,2,0,0,3,1,0,2,0,2,0,6,0,0,4,0,4,0,7,3,0,1,0,1,0,0,1,1,0,1,0,1,0,3,0,0,4,5,0,1,0,1,0,0,1,0,6,4,0,0,1,0,5,1,0,1,0,0,5,0,1,3,0,5,0,3,0,0,3,0,5,0,1,1,0,0,4,0,1,2,0,0,1,2,0,0,2,0,4,1,0,1,0,1,0,0,2,0,3,0,2,2,0,1,0,0,3,0,5,4,0,0,6,0,5,1,0,0,2
113,Female,18,Femininity,6,0,0,3,7,0,0,3,4,0,0,3,2,0,2,0,3,0,0,3,0,3,0,5,2,0,3,0,3,0,0,3,3,0,0,2,0,3,4,0,3,0,3,0,3,0,2,0,3,0,2,0,5,0,3,0,3,0,0,3,0,3,0,4,0,3,0,4,3,0,2,0,0,2,0,3,0,2,0,4,4,0,0,3,0,3,3,0,3,0,3,0,0,4,3,0,0,6,0,5,3,0,3,0,4,0,0,3,3,0,5,0,3,0,3,0,4,0,3,0,0,3,3,0,0,2,0,3,0,3,0,3,2,0,0,5,3,0,0,3,3,0,3,0,3,0,4,0,0,3,4,0,0,4,0,4,4,0,0,3,0,3,0,5,0,3,3,0,4,0,0,2,3,0,0,3,0,2,0,2,3,0,3,0,3,0,4,0,3,0,0,3,0,2,0,3,4,0,0,3,0,3,4,0,3,0,0,5,0,5,0,3,3,0,2,0,0,3
116,Female,18,Femininity,0,4,0,5,0,6,0,4,0,6,4,0,0,4,0,2,0,2,5,0,0,3,6,0,0,2,4,0,4,0,0,5,0,5,3,0,0,2,0,4,0,2,6,0,2,0,4,0,5,0,2,0,6,0,5,0,0,3,2,0,0,2,0,5,0,2,0,6,0,6,3,0,0,6,4,0,0,5,5,0,5,0,0,5,5,0,1,0,5,0,3,0,2,0,2,0,2,0,2,0,0,4,4,0,0,5,0,2,4,0,0,5,0,6,6,0,0,5,0,6,5,0,0,4,5,0,0,1,1,0,0,5,4,0,0,4,0,5,0,6,2,0,5,0,5,0,0,6,0,4,5,0,0,6,0,6,3,0,6,0,6,0,0,4,3,0,0,4,1,0,0,4,0,6,4,0,0,4,4,0,5,0,2,0,5,0,0,6,2,0,4,0,2,0,0,3,3,0,0,3,0,5,0,4,5,0,3,0,0,5,4,0,0,4,0,2,4,0
119,Female,20,Femininity,4,0,2,0,6,0,0,5,0,2,4,0,3,0,3,0,3,0,0,4,4,0,5,0,3,0,0,4,4,0,0,4,0,4,2,0,7,0,5,0,3,0,5,0,0,4,0,4,5,0,5,0,5,0,0,4,3,0,0,3,0,2,7,0,0,5,5,0,0,3,0,1,0,5,0,4,0,4,0,5,0,5,6,0,3,0,3,0,6,0,0,3,6,0,2,0,6,0,0,2,0,5,0,2,0,4,4,0,3,0,0,6,0,3,0,5,0,7,5,0,3,0,1,0,4,0,0,2,0,5,0,4,3,0,5,0,0,5,2,0,0,2,0,2,0,7,5,0,0,3,0,7,4,0,6,0,6,0,0,4,0,4,6,0,0,2,4,0,6,0,0,4,0,4,0,5,3,0,3,0,3,0,3,0,0,4,4,0,0,3,0,1,0,3,4,0,3,0,0,5,0,5,5,0,0,3,6,0,5,0,5,0,5,0,0,2,0,5
122,Female,20,Femininity,0,1,0,1,1,0,1,0,0,1,1,0,5,0,0,1,0,1,0,1,0,1,0,2,1,0,0,5,0,1,1,0,1,0,1,0,1,0,0,5,1,0,0,5,0,1,1,0,1,0,0,1,0,1,1,0,1,0,1,0,0,1,0,5,1,0,1,0,1,0,0,1,0,1,0,1,1,0,2,0,1,0,3,0,1,0,0,1,0,5,0,1,1,0,0,1,1,0,1,0,0,1,0,1,0,5,0,1,0,1,0,1,0,3,1,0,4,0,1,0,0,1,0,1,1,0,1,0,0,1,0,2,1,0,1,0,0,1,2,0,1,0,1,0,2,0,0,1,0,1,5,0,0,1,0,1,1,0,0,2,1,0,2,0,1,0,0,1,1,0,0,3,1,0,0,1,0,5,1,0,1,0,6,0,0,1,0,5,0,1,0,1,0,1,2,0,0,1,1,0,0,1,0,1,2,0,1,0,5,0,1,0,0,1,1,0,1,0
125,Male,19,Femininity,0,5,0,6,0,2,5,0,4,0,0,4,5,0,3,0,1,0,3,0,2,0,5,0,0,3,0,5,0,3,6,0,0,5,3,0,4,0,5,0,0,4,4,0,5,0,0,4,0,2,0,4,0,4,3,0,0,3,2,0,3,0,0,6,0,4,0,6,2,0,3,0,0,5,0,4,4,0,6,0,0,4,5,0,4,0,0,3,5,0,0,2,0,5,2,0,0,7,0,4,2,0,0,4,0,4,0,3,2,0,0,4,0,4,5,0,0,3,0,3,2,0,0,2,3,0,3,0,2,0,0,4,3,0,7,0,6,0,4,0,4,0,0,4,7,0,5,0,4,0,0,6,5,0,4,0,0,4,5,0,0,4,0,6,3,0,0,5,0,4,3,0,3,0,0,4,0,5,0,4,6,0,0,3,0,4,0,3,2,0,0,4,4,0,0,5,2,0,0,5,0,5,0,3,3,0,5,0,2,0,4,0,6,0,1,0,4,0
128,Female,19,Femininity,0,2,0,2,0,4,4,0,2,0,4,0,3,0,0,3,0,2,3,0,0,3,0,5,3,0,0,3,0,3,4,0,3,0,0,3,5,0,4,0,3,0,5,0,0,3,0,3,3,0,0,2,0,3,3,0,0,2,0,2,0,2,0,4,0,4,5,0,0,3,3,0,4,0,4,0,0,2,4,0,6,0,0,4,3,0,3,0,0,6,0,3,3,0,0,2,3,0,3,0,0,2,2,0,4,0,3,0,3,0,4,0,0,3,0,4,0,5,0,4,3,0,0,2,3,0,3,0,0,4,0,5,2,0,4,0,0,3,0,2,0,2,2,0,0,4,0,5,3,0,6,0,0,4,0,5,2,0,2,0,0,3,4,0,0,3,0,4,4,0,3,0,3,0,5,0,0,4,3,0,3,0,2,0,4,0,0,3,1,0,0,3,3,0,3,0,0,5,0,4,0,3,3,0,0,4,0,3,0,4,0,5,4,0,0,3,3,0
131,Female,18,Femininity,0,1,1,0,5,0,0,4,0,2,0,5,5,0,0,1,0,1,4,0,2,0,6,0,2,0,5,0,0,1,1,0,0,4,0,1,5,0,6,0,0,2,0,3,0,1,0,1,0,4,1,0,1,0,3,0,1,0,0,1,1,0,6,0,5,0,6,0,0,1,0,1,0,4,3,0,0,3,2,0,0,5,3,0,1,0,1,0,6,0,1,0,0,2,0,1,0,5,1,0,1,0,0,3,3,0,0,1,0,1,3,0,1,0,1,0,4,0,0,3,0,1,0,1,1,0,0,1,3,0,0,4,0,1,4,0,3,0,4,0,2,0,0,1,7,0,0,5,3,0,0,4,0,5,6,0,0,4,2,0,0,4,3,0,0,1,0,5,0,2,0,2,2,0,5,0,0,3,1,0,1,0,0,3,0,4,0,1,0,1,3,0,1,0,0,4,1,0,0,4,1,0,2,0,0,1,0,4,7,0,4,0,6,0,0,1,4,0
134,Female,18,Femininity,0,5,3,0,0,5,6,0,4,0,0,4,0,4,3,0,0,2,3,0,3,0,0,5,5,0,0,4,0,4,0,5,0,4,3,0,0,3,0,4,0,3,5,0,4,0,0,4,0,5,0,5,0,6,4,0,0,3,0,4,0,5,0,4,0,5,0,6,0,4,0,2,0,4,5,0,4,0,3,0,0,5,5,0,0,3,3,0,5,0,0,5,0,5,0,2,0,6,0,5,4,0,4,0,3,0,0,4,0,5,0,5,5,0,6,0,0,5,0,5,0,3,0,3,3,0,0,3,3,0,5,0,0,3,0,3,0,4,0,4,0,3,3,0,0,5,0,4,5,0,6,0,4,0,5,0,0,6,3,0,5,0,0,4,3,0,4,0,5,0,0,4,3,0,0,5,4,0,3,0,5,0,4,0,4,0,0,3,0,5,0,3,4,0,4,0,0,5,0,4,3,0,3,0,4,0,4,0,5,0,5,0,4,0,0,2,0,4
137,Female,19,Femininity,6,0,0,3,4,0,0,5,5,0,0,5,0,5,0,4,0,2,0,2,1,0,5,0,2,0,3,0,4,0,0,5,0,2,0,5,0,5,0,1,5,0,1,0,4,0,7,0,0,2,5,0,0,1,7,0,3,0,5,0,0,5,0,4,4,0,6,0,0,4,0,4,0,4,0,3,3,0,0,7,2,0,0,3,6,0,5,0,5,0,5,0,5,0,5,0,0,5,0,2,2,0,0,5,0,5,2,0,3,0,5,0,0,5,3,0,5,0,0,2,0,5,0,4,0,6,0,5,2,0,0,5,0,3,0,2,5,0,5,0,0,2,4,0,4,0,0,2,0,3,0,3,2,0,0,2,7,0,2,0,0,4,0,4,0,5,3,0,4,0,0,3,0,5,5,0,0,5,0,3,2,0,4,0,5,0,0,2,0,2,0,3,4,0,0,5,5,0,5,0,2,0,0,1,0,5,0,6,0,4,7,0,0,5,0,2,0,3
140,Female,19,Femininity,3,0,0,2,0,4,0,1,0,1,0,3,0,2,0,2,0,1,1,0,0,1,0,3,1,0,0,4,0,2,0,5,3,0,1,0,1,0,3,0,0,1,3,0,1,0,0,1,0,4,1,0,0,2,2,0,0,1,1,0,2,0,2,0,0,2,0,2,1,0,0,1,0,2,0,1,1,0,0,2,0,2,3,0,0,2,0,1,4,0,3,0,3,0,0,1,0,7,0,3,0,1,0,1,2,0,0,1,0,1,1,0,5,0,0,2,0,6,2,0,0,1,2,0,0,2,1,0,0,1,0,4,0,1,2,0,0,6,5,0,0,2,2,0,0,3,1,0,0,3,0,3,0,5,4,0,4,0,1,0,5,0,0,6,0,1,5,0,0,1,0,1,0,1,0,5,2,0,0,1,0,2,0,1,0,3,0,4,3,0,1,0,0,2,2,0,1,0,0,2,0,1,0,2,0,2,2,0,0,5,0,1,2,0,0,1,3,0
143,Female,18,Femininity,6,0,0,5,0,1,2,0,1,0,0,4,2,0,0,2,0,1,0,5,4,0,5,0,0,4,0,5,6,0,1,0,0,4,0,1,0,1,2,0,0,1,0,2,0,4,1,0,0,4,2,0,2,0,0,6,0,5,0,1,0,2,6,0,5,0,0,5,1,0,0,1,0,4,0,5,1,0,3,0,6,0,0,5,0,3,3,0,0,2,6,0,5,0,5,0,0,6,0,5,0,2,4,0,4,0,0,1,1,0,0,7,0,2,2,0,5,0,0,3,0,2,1,0,0,1,0,3,2,0,0,2,0,1,0,5,2,0,0,5,0,4,4,0,7,0,0,5,0,5,6,0,4,0,0,2,0,4,0,4,0,6,6,0,0,2,0,2,0,3,0,6,2,0,0,1,0,3,0,3,1,0,0,1,0,2,0,2,1,0,4,0,0,2,0,2,5,0,0,2,2,0,5,0,1,0,0,6,6,0,0,4,0,6,1,0,0,2
146,Female,19,Femininity,0,5,0,3,5,0,0,4,3,0,0,5,0,4,0,3,3,0,0,3,4,0,5,0,3,0,0,3,0,4,0,4,4,0,0,3,0,2,5,0,3,0,3,0,3,0,0,4,3,0,2,0,0,3,4,0,0,3,0,3,4,0,0,5,5,0,0,5,2,0,2,0,3,0,0,4,0,4,0,4,0,4,0,4,3,0,0,2,4,0,0,3,4,0,0,3,0,4,3,0,0,2,3,0,4,0,3,0,4,0,0,6,4,0,7,0,4,0,0,5,2,0,3,0,0,3,0,3,2,0,4,0,3,0,5,0,5,0,2,0,0,4,3,0,0,6,0,3,0,3,6,0,5,0,0,4,3,0,0,4,4,0,0,5,3,0,3,0,0,4,4,0,0,3,5,0,3,0,0,3,0,3,0,3,0,4,0,2,0,2,4,0,0,4,3,0,0,3,0,3,0,3,0,2,3,0,2,0,0,4,0,3,4,0,0,3,0,5
149,Female,18,Femininity,0,3,4,0,6,0,4,0,0,4,0,4,0,3,5,0,5,0,0,3,0,3,6,0,0,3,0,5,3,0,0,4,0,4,4,0,0,6,0,5,0,3,4,0,0,3,5,0,0,4,0,4,0,4,4,0,0,4,3,0,3,0,0,5,6,0,0,5,0,3,0,2,0,4,6,0,4,0,0,4,5,0,0,4,0,4,4,0,5,0,4,0,0,3,3,0,0,5,0,4,4,0,0,3,4,0,0,3,0,3,0,5,0,4,5,0,0,5,0,4,3,0,0,4,0,3,3,0,0,2,4,0,0,3,5,0,0,4,0,4,3,0,4,0,6,0,4,0,5,0,6,0,4,0,0,5,5,0,4,0,0,3,0,5,3,0,0,4,0,5,0,4,4,0,5,0,0,3,0,3,0,4,3,0,0,5,4,0,3,0,0,3,0,3,3,0,5,0,0,4,0,3,0,5,4,0,0,4,0,5,6,0,0,6,0,3,0,3
152,Male,19,Femininity,4,0,1,0,3,0,0,1,0,1,2,0,0,1,1,0,0,2,2,0,0,1,4,0,2,0,0,1,0,1,0,2,2,0,0,1,2,0,3,0,0,1,0,1,0,2,1,0,0,1,1,0,0,2,2,0,0,1,1,0,0,1,0,2,0,4,0,3,0,1,0,1,2,0,0,2,1,0,1,0,0,4,0,1,0,2,2,0,0,4,0,2,0,3,0,1,5,0,0,3,0,1,0,1,1,0,1,0,0,1,0,6,0,2,3,0,0,5,0,1,1,0,1,0,0,2,1,0,2,0,1,0,0,1,3,0,2,0,0,4,0,2,1,0,7,0,0,1,2,0,5,0,0,4,0,3,1,0,2,0,1,0,3,0,0,1,4,0,3,0,1,0,2,0,0,2,0,1,1,0,0,1,1,0,1,0,2,0,0,2,2,0,0,2,1,0,0,1,0,1,1,0,3,0,1,0,0,2,0,2,0,3,3,0,0,1,1,0
155,Male,19,Femininity,4,0,2,0,3,0,2,0,0,3,3,0,0,2,3,0,3,0,1,0,0,1,4,0,0,2,1,0,2,0,0,2,4,0,1,0,2,0,0,5,0,2,4,0,3,0,0,2,3,0,0,2,0,1,0,1,0,2,0,2,0,2,0,2,0,2,4,0,2,0,0,1,2,0,0,3,2,0,0,2,2,0,2,0,3,0,0,3,4,0,0,4,0,5,3,0,0,4,0,3,0,2,0,2,4,0,2,0,0,2,2,0,4,0,3,0,4,0,0,2,2,0,0,2,0,3,0,1,2,0,0,2,0,2,3,0,0,3,4,0,3,0,0,3,0,5,1,0,0,2,5,0,0,5,0,2,3,0,0,1,0,4,0,3,3,0,2,0,0,3,0,2,2,0,2,0,0,2,0,2,0,2,3,0,0,1,2,0,3,0,0,2,2,0,2,0,3,0,2,0,3,0,0,3,1,0,3,0,4,0,4,0,0,3,2,0,0,2
158,Male,19,Femininity,0,2,1,0,1,0,0,1,1,0,0,4,0,1,0,1,4,0,0,1,1,0,1,0,2,0,1,0,0,1,0,3,1,0,1,0,1,0,0,5,0,1,0,1,1,0,0,1,0,3,1,0,2,0,0,1,1,0,0,1,0,1,0,5,1,0,1,0,1,0,4,0,0,4,0,1,0,2,0,1,0,1,0,2,0,1,1,0,2,0,0,1,2,0,0,1,0,5,1,0,0,2,0,2,1,0,0,1,1,0,0,1,0,5,1,0,5,0,0,1,1,0,0,1,0,4,0,1,1,0,0,1,1,0,1,0,1,0,1,0,0,2,0,1,0,6,1,0,0,1,0,2,0,1,1,0,1,0,1,0,0,1,0,1,1,0,1,0,0,1,0,4,0,1,1,0,2,0,0,1,0,3,0,1,0,3,1,0,0,1,5,0,0,1,0,1,0,1,0,1,1,0,2,0,1,0,0,4,0,2,1,0,6,0,0,1,1,0
161,Male,19,Femininity,3,0,4,0,4,0,4,0,2,0,0,3,5,0,1,0,0,1,0,4,0,1,0,2,2,0,0,3,3,0,1,0,3,0,2,0,0,4,6,0,4,0,0,5,2,0,0,5,0,3,0,2,0,1,0,2,3,0,1,0,0,1,0,4,0,4,5,0,0,3,1,0,4,0,0,4,0,3,4,0,4,0,3,0,4,0,0,3,4,0,0,3,3,0,0,2,0,6,5,0,2,0,3,0,0,3,2,0,2,0,0,5,0,5,0,2,0,4,3,0,0,2,2,0,5,0,2,0,1,0,4,0,0,2,0,4,4,0,0,4,0,3,1,0,6,0,4,0,0,1,0,6,6,0,0,4,4,0,2,0,3,0,5,0,0,1,0,5,0,5,0,5,0,1,0,3,0,1,3,0,0,3,2,0,4,0,0,4,0,2,0,4,2,0,0,2,0,1,6,0,0,2,0,7,1,0,0,5,6,0,0,4,4,0,1,0,3,0
164,Female,20,Femininity,0,4,3,0,5,0,0,3,2,0,0,4,3,0,1,0,0,1,0,4,2,0,4,0,4,0,0,3,2,0,0,4,0,3,2,0,0,4,6,0,0,3,5,0,0,4,0,3,5,0,4,0,4,0,3,0,4,0,5,0,3,0,0,5,0,6,0,4,0,2,2,0,0,4,4,0,0,3,5,0,6,0,4,0,0,2,0,3,5,0,6,0,0,4,0,2,0,7,0,6,0,2,0,2,0,5,3,0,3,0,0,6,0,6,0,5,0,4,4,0,1,0,0,1,4,0,0,2,0,2,0,3,0,2,0,5,4,0,0,3,3,0,2,0,0,7,5,0,3,0,0,6,5,0,4,0,0,6,0,2,0,4,0,4,3,0,5,0,0,5,4,0,0,2,5,0,3,0,3,0,3,0,2,0,3,0,0,3,2,0,0,2,0,2,0,3,0,3,0,4,0,2,0,6,3,0,0,6,0,5,0,4,0,5,1,0,5,0
167,Male,19,Femininity,4,0,1,0,0,3,0,2,1,0,0,2,0,2,0,1,1,0,0,1,1,0,2,0,0,1,2,0,2,0,0,1,0,1,1,0,0,3,3,0,2,0,0,1,2,0,0,1,2,0,0,1,2,0,0,2,1,0,0,1,1,0,3,0,2,0,0,1,1,0,0,1,1,0,0,1,0,1,0,1,2,0,1,0,0,3,2,0,2,0,0,1,0,3,1,0,0,2,1,0,0,1,1,0,0,2,0,1,0,1,4,0,0,2,0,2,4,0,0,1,1,0,0,2,0,1,1,0,1,0,4,0,1,0,0,1,0,3,0,3,1,0,1,0,4,0,0,1,0,1,5,0,2,0,0,2,0,3,0,1,0,1,2,0,0,1,1,0,0,2,1,0,0,1,1,0,0,1,1,0,0,1,0,1,0,1,1,0,0,1,0,1,0,1,1,0,0,3,1,0,2,0,0,3,0,1,0,2,0,3,0,2,2,0,0,1,1,0
170,Male,19,Femininity,4,0,0,2,0,3,0,2,2,0,0,3,2,0,0,2,0,2,0,2,2,0,4,0,0,2,0,2,2,0,1,0,2,0,0,2,0,2,0,2,3,0,0,2,2,0,0,3,0,2,2,0,2,0,0,2,2,0,0,2,2,0,0,3,0,4,0,2,2,0,0,1,0,2,3,0,2,0,3,0,0,2,2,0,2,0,1,0,2,0,0,2,3,0,1,0,0,4,4,0,0,2,0,2,0,2,0,2,2,0,2,0,1,0,2,0,0,4,3,0,2,0,1,0,4,0,0,3,2,0,0,2,2,0,0,2,0,2,3,0,3,0,1,0,0,4,3,0,2,0,0,2,4,0,0,3,2,0,0,1,0,2,3,0,2,0,3,0,0,2,3,0,0,2,0,2,2,0,0,2,2,0,0,2,0,2,0,2,0,2,2,0,2,0,0,2,2,0,0,2,2,0,2,0,2,0,2,0,4,0,0,4,3,0,0,2,3,0
173,Male,19,Femininity,0,1,0,1,2,0,6,0,0,1,0,3,0,1,1,0,2,0,1,0,2,0,1,0,1,0,1,0,0,1,0,1,0,1,1,0,1,0,0,1,1,0,2,0,1,0,0,1,4,0,0,2,5,0,1,0,1,0,0,1,0,1,1,0,0,3,1,0,1,0,0,1,1,0,0,1,0,2,1,0,1,0,2,0,5,0,0,1,1,0,0,1,0,1,1,0,1,0,1,0,1,0,1,0,1,0,1,0,0,1,0,2,0,5,0,1,5,0,0,1,1,0,0,1,1,0,1,0,1,0,0,2,1,0,1,0,1,0,0,1,0,2,1,0,5,0,0,1,1,0,5,0,0,1,1,0,0,1,0,1,0,1,0,1,0,1,0,2,1,0,0,1,1,0,0,1,1,0,0,1,1,0,0,1,0,3,0,1,1,0,0,1,1,0,2,0,0,1,1,0,1,0,1,0,0,1,0,1,3,0,1,0,0,1,1,0,0,3
176,Female,22,Femininity,0,2,5,0,7,0,7,0,0,6,6,0,0,3,0,4,1,0,6,0,1,0,0,5,2,0,0,5,4,0,0,2,4,0,0,3,0,4,6,0,3,0,2,0,0,3,3,0,0,3,4,0,0,4,4,0,3,0,0,1,4,0,0,6,6,0,7,0,3,0,0,1,5,0,6,0,0,5,6,0,6,0,3,0,6,0,2,0,0,7,5,0,0,5,2,0,0,7,0,4,0,2,0,1,0,4,0,1,2,0,7,0,0,7,0,7,0,6,0,1,4,0,2,0,5,0,0,3,2,0,0,4,0,1,7,0,0,4,0,7,5,0,4,0,7,0,0,3,0,3,0,6,0,6,6,0,0,3,6,0,0,6,0,6,4,0,5,0,0,6,6,0,4,0,0,2,0,6,0,4,0,1,0,3,0,3,0,5,6,0,0,5,4,0,0,4,0,5,4,0,3,0,0,5,4,0,6,0,4,0,0,2,0,6,1,0,0,5
179,Male,20,Femininity,0,3,0,1,1,0,1,0,1,0,1,0,1,0,0,1,1,0,0,1,1,0,0,1,1,0,0,1,1,0,0,1,0,1,1,0,1,0,3,0,0,3,1,0,0,1,0,1,1,0,0,1,0,1,0,1,0,1,0,1,0,1,0,2,2,0,0,2,1,0,0,1,1,0,0,1,0,2,0,3,0,1,1,0,0,1,0,1,1,0,0,1,0,1,0,1,1,0,1,0,1,0,0,1,1,0,0,1,1,0,1,0,0,1,0,1,1,0,0,1,0,1,0,1,0,1,0,1,1,0,0,1,1,0,0,4,1,0,0,1,0,1,1,0,2,0,1,0,0,1,0,3,4,0,0,1,0,1,1,0,0,2,0,3,1,0,1,0,0,1,1,0,1,0,0,1,0,1,1,0,0,1,0,1,1,0,0,1,0,1,0,1,1,0,0,1,1,0,1,0,1,0,0,1,1,0,0,2,0,2,0,1,2,0,0,1,0,1
182,Male,18,Femininity,0,4,0,4,0,5,0,3,0,3,5,0,2,0,2,0,0,5,3,0,5,0,6,0,0,3,5,0,0,3,0,4,3,0,3,0,5,0,6,0,0,4,0,4,3,0,4,0,4,0,0,4,4,0,0,5,4,0,0,3,1,0,7,0,0,5,0,5,3,0,0,1,0,3,4,0,4,0,5,0,5,0,4,0,3,0,0,3,4,0,0,3,0,4,3,0,5,0,2,0,3,0,3,0,5,0,5,0,3,0,5,0,3,0,0,3,4,0,0,3,0,3,0,1,0,3,0,3,3,0,0,5,0,4,0,5,5,0,0,3,3,0,0,3,4,0,4,0,0,3,6,0,4,0,5,0,4,0,3,0,3,0,0,5,3,0,3,0,0,6,0,3,3,0,4,0,0,3,0,3,0,3,3,0,4,0,0,3,4,0,3,0,4,0,0,3,4,0,0,4,4,0,4,0,2,0,4,0,5,0,0,4,0,5,3,0,0,4
185,Female,22,Femininity,3,0,0,1,0,2,0,1,1,0,2,0,1,0,1,0,1,0,1,0,1,0,2,0,1,0,1,0,0,1,2,0,0,1,1,0,1,0,3,0,1,0,0,1,1,0,0,1,2,0,1,0,1,0,1,0,0,1,0,1,0,1,2,0,1,0,0,1,0,1,0,1,2,0,0,2,0,1,0,1,3,0,0,1,1,0,0,1,0,2,2,0,0,1,0,1,1,0,0,1,0,1,1,0,2,0,1,0,1,0,0,1,2,0,1,0,2,0,0,2,0,1,0,2,0,1,0,1,0,1,0,1,0,1,0,3,0,2,1,0,0,1,1,0,0,3,0,2,1,0,0,3,0,2,0,1,0,1,0,1,1,0,1,0,1,0,2,0,1,0,2,0,1,0,2,0,1,0,1,0,0,1,0,1,0,1,1,0,1,0,0,2,1,0,0,1,0,1,2,0,0,1,1,0,0,1,1,0,0,3,2,0,2,0,0,1,1,0
188,Female,21,Femininity,0,3,2,0,5,0,0,2,0,4,0,5,4,0,2,0,0,1,2,0,4,0,4,0,3,0,3,0,0,3,0,3,5,0,1,0,4,0,0,7,0,2,0,4,3,0,4,0,4,0,2,0,5,0,4,0,3,0,0,2,0,1,5,0,2,0,0,5,2,0,0,3,0,4,0,4,0,3,5,0,0,6,4,0,0,5,3,0,0,4,0,5,4,0,0,3,5,0,0,1,3,0,2,0,0,3,1,0,0,2,4,0,0,4,0,3,1,0,4,0,0,2,3,0,0,2,2,0,2,0,5,0,0,4,0,4,0,4,0,3,0,3,3,0,4,0,2,0,0,4,0,7,5,0,4,0,5,0,2,0,0,6,0,5,0,2,3,0,5,0,0,3,1,0,3,0,2,0,0,3,0,5,2,0,5,0,3,0,2,0,3,0,0,3,2,0,0,2,5,0,2,0,0,3,0,4,0,2,5,0,0,2,0,5,1,0,0,5
191,Female,21,Femininity,0,5,2,0,0,4,3,0,0,1,3,0,4,0,2,0,2,0,0,2,0,2,2,0,2,0,2,0,0,2,0,2,0,3,0,1,3,0,0,4,2,0,0,2,2,0,0,2,0,2,0,3,0,2,2,0,3,0,2,0,0,2,0,6,0,4,5,0,4,0,0,1,3,0,3,0,3,0,0,4,0,4,2,0,0,3,0,2,0,4,0,2,0,4,0,2,5,0,0,2,3,0,0,2,0,3,0,2,0,2,6,0,0,4,5,0,5,0,4,0,0,2,2,0,0,4,1,0,0,3,3,0,0,1,0,4,0,3,4,0,2,0,2,0,6,0,3,0,0,3,5,0,4,0,0,3,0,4,3,0,0,2,5,0,0,2,0,3,0,4,2,0,0,5,3,0,3,0,2,0,0,2,0,3,0,3,0,3,0,1,3,0,0,2,2,0,0,3,3,0,3,0,0,4,3,0,0,4,5,0,0,5,0,4,0,1,3,0
194,Male,18,Femininity,5,0,5,0,4,0,5,0,4,0,0,4,5,0,0,5,5,0,4,0,4,0,0,5,7,0,0,5,0,5,0,5,0,5,0,5,0,3,0,4,0,6,0,5,5,0,0,5,0,1,4,0,4,0,0,5,5,0,0,5,5,0,0,5,0,5,5,0,0,6,5,0,0,5,6,0,5,0,4,0,0,6,5,0,0,2,0,2,0,5,5,0,6,0,3,0,0,7,0,5,0,3,0,5,1,0,0,5,6,0,0,5,0,5,0,1,0,5,0,5,0,5,0,6,5,0,5,0,0,4,0,4,5,0,0,5,6,0,0,3,5,0,0,2,6,0,0,4,0,4,5,0,5,0,0,5,6,0,6,0,0,4,0,5,0,4,5,0,4,0,5,0,0,6,4,0,0,1,1,0,2,0,3,0,5,0,0,3,7,0,0,3,5,0,3,0,0,4,0,5,0,4,5,0,5,0,0,4,0,5,5,0,4,0,3,0,3,0
197,Female,21,Femininity,0,7,0,3,4,0,0,5,5,0,0,6,0,6,1,0,5,0,3,0,0,4,0,5,0,3,0,4,5,0,0,3,0,3,0,3,0,3,0,7,0,4,6,0,0,4,4,0,3,0,6,0,1,0,2,0,3,0,2,0,1,0,7,0,6,0,0,7,0,1,3,0,0,4,0,5,0,3,5,0,0,4,0,2,3,0,5,0,4,0,0,5,0,3,0,2,0,7,2,0,7,0,5,0,5,0,0,4,3,0,6,0,0,2,0,7,0,6,5,0,0,1,0,3,3,0,0,2,0,2,0,7,3,0,7,0,4,0,0,4,3,0,2,0,0,7,3,0,3,0,0,7,7,0,0,7,0,3,0,2,0,6,6,0,2,0,0,3,3,0,0,2,4,0,0,6,0,3,0,1,2,0,3,0,0,5,2,0,0,3,0,2,3,0,0,4,0,6,4,0,2,0,4,0,2,0,3,0,4,0,0,4,6,0,0,1,0,5
200,Male,20,Femininity,0,5,6,0,0,4,0,3,0,4,0,4,0,4,0,1,3,0,0,5,3,0,4,0,2,0,0,5,4,0,0,5,0,5,1,0,2,0,5,0,3,0,0,7,4,0,0,2,0,3,0,4,2,0,0,3,0,3,0,3,3,0,5,0,7,0,5,0,0,3,1,0,7,0,0,3,0,4,6,0,4,0,4,0,0,4,2,0,2,0,0,4,6,0,0,3,0,6,0,2,4,0,5,0,3,0,3,0,0,4,5,0,3,0,0,4,0,7,4,0,4,0,0,1,0,4,2,0,1,0,0,2,5,0,0,1,0,4,6,0,3,0,0,3,0,7,0,6,2,0,4,0,0,7,0,5,6,0,0,4,0,5,0,6,1,0,6,0,0,6,0,3,0,1,5,0,0,2,0,4,2,0,0,4,5,0,0,3,0,5,0,3,0,4,0,4,4,0,6,0,3,0,4,0,0,2,5,0,7,0,0,4,5,0,1,0,5,0
203,Female,19,Femininity,5,0,0,4,5,0,0,2,2,0,0,1,3,0,1,0,1,0,2,0,0,2,6,0,0,1,3,0,2,0,0,5,0,4,0,1,0,4,6,0,0,1,2,0,1,0,0,2,0,3,1,0,5,0,2,0,1,0,0,1,0,1,0,5,0,3,4,0,0,4,0,1,0,2,0,1,2,0,3,0,0,4,1,0,2,0,1,0,3,0,4,0,4,0,0,1,0,7,1,0,0,1,0,1,0,1,0,1,0,1,0,5,5,0,6,0,0,6,3,0,4,0,0,1,1,0,1,0,0,1,0,3,0,1,0,3,0,1,0,3,0,2,1,0,0,6,0,2,1,0,7,0,6,0,5,0,3,0,0,3,0,3,2,0,1,0,3,0,0,7,0,1,0,4,0,3,0,1,1,0,1,0,2,0,0,3,2,0,3,0,0,2,0,1,1,0,0,3,4,0,1,0,0,6,1,0,0,4,0,4,0,2,1,0,0,1,0,3
206,Male,20,Femininity,0,5,1,0,0,1,2,0,2,0,0,1,2,0,0,1,2,0,0,1,0,1,2,0,1,0,0,2,0,1,0,2,2,0,1,0,2,0,3,0,1,0,0,1,0,1,0,1,2,0,1,0,1,0,1,0,0,1,1,0,1,0,2,0,2,0,0,2,2,0,0,1,0,1,1,0,2,0,1,0,0,1,2,0,1,0,0,2,1,0,0,3,5,0,0,1,3,0,0,1,1,0,2,0,0,2,0,1,1,0,4,0,0,1,1,0,0,2,0,1,1,0,2,0,0,1,1,0,0,1,0,2,0,1,0,1,0,2,2,0,0,2,0,1,0,4,1,0,2,0,5,0,0,2,3,0,0,1,0,2,0,3,0,2,0,1,0,1,2,0,0,1,0,1,2,0,1,0,0,1,0,1,0,1,2,0,1,0,0,1,0,2,0,1,2,0,0,1,0,2,0,2,0,2,0,1,0,1,4,0,0,1,0,2,1,0,1,0
209,Male,20,Femininity,4,0,0,2,0,3,2,0,2,0,2,0,0,2,2,0,0,1,3,0,2,0,0,2,2,0,0,2,1,0,0,2,0,3,1,0,2,0,3,0,2,0,0,2,2,0,3,0,4,0,2,0,3,0,0,2,0,3,2,0,0,1,0,2,2,0,4,0,3,0,1,0,2,0,1,0,0,2,0,3,3,0,2,0,0,3,0,2,2,0,4,0,0,4,0,1,0,5,2,0,0,2,0,1,2,0,0,2,0,2,3,0,0,2,0,2,3,0,2,0,2,0,1,0,0,1,1,0,3,0,0,3,2,0,2,0,3,0,0,4,2,0,0,1,3,0,2,0,1,0,0,4,3,0,3,0,3,0,1,0,2,0,1,0,0,2,0,3,0,2,0,2,0,2,2,0,2,0,0,2,0,1,1,0,0,2,0,3,0,1,2,0,3,0,0,1,0,2,0,2,2,0,0,2,2,0,2,0,0,2,2,0,5,0,0,1,0,3
212,Male,22,Femininity,3,0,0,2,3,0,3,0,0,2,0,2,0,2,2,0,0,3,2,0,3,0,3,0,2,0,0,3,3,0,2,0,2,0,0,1,3,0,0,3,0,2,0,3,3,0,0,3,0,2,0,4,0,3,0,2,0,2,2,0,0,1,5,0,3,0,4,0,0,3,1,0,0,2,2,0,0,3,3,0,0,3,3,0,0,3,2,0,3,0,3,0,0,4,2,0,4,0,0,3,3,0,3,0,0,2,2,0,0,2,0,3,0,4,4,0,0,4,2,0,2,0,0,1,3,0,1,0,2,0,3,0,0,2,0,2,3,0,4,0,2,0,0,2,5,0,0,4,0,2,5,0,3,0,3,0,3,0,2,0,0,3,0,3,2,0,0,3,3,0,0,2,0,3,0,3,0,2,0,2,2,0,3,0,3,0,3,0,0,2,0,2,2,0,2,0,3,0,3,0,0,2,4,0,2,0,4,0,5,0,0,4,0,3,2,0,0,3
215,Female,20,Femininity,0,3,0,3,5,0,0,4,0,3,4,0,0,3,0,4,0,4,0,4,0,3,5,0,4,0,4,0,0,4,0,3,0,4,0,3,5,0,0,5,3,0,4,0,3,0,0,2,0,4,4,0,0,2,0,3,0,4,3,0,0,3,5,0,0,4,0,5,0,4,0,2,0,3,4,0,0,3,0,4,0,4,3,0,0,4,0,3,5,0,0,4,3,0,3,0,4,0,0,3,0,3,0,3,0,3,3,0,3,0,5,0,0,4,5,0,0,5,0,4,0,2,0,3,0,3,3,0,0,3,4,0,0,2,5,0,0,4,4,0,0,2,0,3,0,6,3,0,3,0,0,6,0,5,0,6,0,3,3,0,5,0,0,5,0,3,3,0,0,5,0,3,2,0,0,4,3,0,3,0,3,0,0,4,0,5,3,0,0,3,4,0,3,0,0,3,0,4,0,4,2,0,4,0,0,3,0,4,5,0,4,0,0,4,2,0,4,0
218,Male,18,Femininity,0,5,0,5,0,6,4,0,0,3,5,0,0,5,3,0,0,6,0,5,4,0,6,0,0,3,0,5,6,0,0,4,4,0,2,0,5,0,7,0,3,0,5,0,0,5,0,5,0,4,0,5,0,6,4,0,4,0,0,3,0,4,0,7,5,0,0,7,4,0,1,0,5,0,2,0,4,0,5,0,0,6,0,6,0,3,0,3,0,7,5,0,0,5,0,4,5,0,0,3,0,6,0,3,0,4,0,3,0,5,0,6,6,0,7,0,0,6,4,0,0,6,0,2,6,0,0,2,3,0,0,5,4,0,7,0,0,4,0,4,3,0,4,0,7,0,5,0,4,0,0,7,6,0,0,5,0,4,4,0,4,0,4,0,0,3,4,0,6,0,5,0,0,3,0,5,4,0,0,4,4,0,0,5,5,0,4,0,0,4,0,4,0,2,0,4,0,4,0,4,0,5,7,0,0,2,5,0,6,0,0,4,5,0,1,0,0,4
221,Male,19,Femininity,3,0,0,3,2,0,0,2,2,0,1,0,3,0,0,1,0,1,2,0,0,1,0,4,0,2,0,2,1,0,1,0,0,2,1,0,1,0,5,0,0,1,0,4,2,0,0,2,0,1,3,0,0,2,2,0,4,0,1,0,0,1,0,4,0,3,0,2,1,0,1,0,0,2,2,0,0,2,0,2,5,0,0,2,0,3,0,1,0,4,2,0,0,2,1,0,5,0,0,2,0,2,0,1,0,2,0,1,0,1,4,0,4,0,0,2,0,5,0,2,1,0,1,0,1,0,0,1,0,1,4,0,0,2,2,0,0,2,0,2,0,1,3,0,0,6,0,3,2,0,6,0,5,0,5,0,0,3,2,0,0,3,0,3,1,0,0,4,5,0,0,2,2,0,5,0,1,0,2,0,2,0,4,0,2,0,0,2,2,0,0,1,0,2,1,0,0,1,2,0,0,2,3,0,0,2,0,2,0,3,0,4,0,3,1,0,0,3
224,Male,20,Femininity,0,4,0,2,0,2,0,4,0,1,0,3,0,1,0,4,0,1,4,0,2,0,0,4,0,2,5,0,3,0,5,0,4,0,1,0,3,0,2,0,2,0,5,0,0,2,0,2,0,3,0,4,1,0,1,0,0,3,0,2,2,0,4,0,4,0,0,7,1,0,1,0,2,0,0,4,0,4,4,0,3,0,0,3,0,4,0,3,0,4,0,6,0,4,1,0,0,7,0,5,2,0,4,0,2,0,0,2,2,0,0,6,2,0,5,0,4,0,2,0,0,4,0,1,0,4,0,4,5,0,0,4,1,0,0,1,3,0,4,0,0,4,0,1,6,0,0,5,3,0,5,0,7,0,0,6,0,5,3,0,3,0,5,0,2,0,2,0,5,0,3,0,3,0,0,6,0,2,4,0,0,3,0,3,3,0,3,0,0,1,0,4,1,0,4,0,1,0,1,0,3,0,0,4,0,2,0,6,0,5,3,0,0,6,1,0,0,4
43,Male,34,Masculinity,0,4,0,4,0,4,0,2,0,2,0,2,2,0,0,1,0,2,2,0,0,2,0,4,0,2,0,2,1,0,2,0,0,2,0,1,0,3,4,0,0,2,2,0,2,0,0,1,3,0,0,2,0,2,0,1,0,1,0,1,2,0,2,0,0,3,4,0,2,0,1,0,2,0,2,0,0,2,0,3,0,4,0,3,0,3,0,1,3,0,0,3,2,0,0,2,4,0,2,0,3,0,0,2,2,0,2,0,0,1,0,4,3,0,3,0,0,3,3,0,3,0,1,0,3,0,0,1,3,0,3,0,2,0,0,5,0,3,3,0,0,2,1,0,5,0,2,0,0,2,0,4,0,3,0,4,0,3,2,0,0,4,0,2,0,1,3,0,3,0,3,0,3,0,2,0,1,0,2,0,1,0,0,3,0,4,2,0,0,1,0,2,1,0,0,2,2,0,2,0,2,0,0,4,2,0,0,2,0,4,4,0,2,0,1,0,0,2
44,Female,19,Masculinity,0,6,5,0,0,6,3,0,0,4,5,0,0,3,0,2,3,0,0,3,0,4,0,6,0,3,0,6,0,4,6,0,4,0,3,0,0,5,6,0,0,3,0,4,0,4,2,0,3,0,0,3,6,0,0,3,3,0,2,0,3,0,7,0,6,0,6,0,1,0,1,0,5,0,3,0,5,0,0,4,0,7,0,5,3,0,2,0,0,5,5,0,0,3,0,4,0,6,2,0,4,0,2,0,0,5,0,3,3,0,0,6,0,6,0,3,7,0,0,3,0,4,4,0,0,4,0,3,3,0,5,0,3,0,0,7,0,5,0,3,3,0,0,4,5,0,0,5,5,0,0,6,0,6,0,7,0,4,0,5,0,6,0,5,0,4,0,5,6,0,3,0,3,0,0,4,0,4,3,0,2,0,0,4,5,0,3,0,3,0,4,0,0,3,0,3,0,3,0,5,3,0,6,0,0,3,4,0,0,7,0,4,4,0,0,1,4,0
45,Male,20,Masculinity,4,0,0,4,5,0,0,4,3,0,4,0,0,4,0,3,5,0,0,3,3,0,0,5,0,3,0,4,4,0,3,0,3,0,0,3,5,0,0,7,0,4,3,0,3,0,4,0,4,0,4,0,0,4,3,0,0,5,0,2,2,0,0,6,0,5,5,0,2,0,0,3,4,0,4,0,4,0,4,0,0,4,0,4,0,2,3,0,0,5,0,5,0,5,0,3,0,4,0,3,3,0,0,3,0,4,2,0,3,0,0,7,0,4,0,4,0,4,0,4,0,3,0,4,0,3,3,0,0,2,4,0,0,3,0,4,5,0,0,5,0,3,2,0,0,4,3,0,3,0,0,6,4,0,0,5,0,4,3,0,4,0,0,4,4,0,4,0,0,4,0,3,2,0,4,0,0,4,4,0,4,0,0,2,4,0,3,0,0,4,0,4,0,3,0,3,0,4,0,6,0,3,0,6,0,3,0,4,4,0,0,4,0,3,0,3,4,0
46,Female,19,Masculinity,2,0,0,2,0,4,0,1,1,0,0,2,0,1,1,0,0,1,0,1,0,3,3,0,0,1,1,0,0,1,0,2,0,2,0,1,2,0,6,0,0,1,0,2,1,0,1,0,3,0,1,0,0,2,1,0,1,0,0,1,0,1,0,6,2,0,2,0,1,0,1,0,1,0,0,2,0,1,0,3,0,4,0,1,0,1,1,0,2,0,1,0,1,0,1,0,0,5,3,0,0,3,1,0,0,1,1,0,3,0,0,5,1,0,0,3,0,3,1,0,1,0,0,1,1,0,1,0,0,1,1,0,1,0,2,0,4,0,1,0,0,1,0,1,6,0,2,0,1,0,7,0,5,0,2,0,2,0,1,0,2,0,0,3,0,1,2,0,0,2,2,0,0,1,1,0,1,0,0,1,0,1,0,2,0,1,0,2,1,0,0,1,1,0,1,0,1,0,2,0,0,1,0,5,0,2,0,1,4,0,0,2,0,3,0,1,0,5
47,Female,19,Masculinity,5,0,3,0,4,0,4,0,3,0,0,3,0,3,2,0,0,5,0,4,3,0,0,4,4,0,0,5,3,0,2,0,3,0,0,2,3,0,0,6,4,0,4,0,0,5,0,3,3,0,0,3,4,0,4,0,3,0,3,0,3,0,0,6,2,0,0,6,2,0,0,2,3,0,0,3,4,0,0,3,0,5,3,0,0,2,0,2,0,5,4,0,0,3,2,0,0,5,2,0,3,0,0,3,0,4,2,0,0,3,6,0,4,0,0,5,0,5,3,0,0,3,2,0,2,0,0,2,0,2,0,5,2,0,3,0,0,4,0,5,3,0,2,0,0,6,0,5,3,0,6,0,0,4,5,0,0,4,0,4,5,0,0,4,0,3,3,0,0,5,2,0,2,0,5,0,0,3,0,3,2,0,3,0,3,0,3,0,2,0,4,0,3,0,3,0,0,3,4,0,4,0,0,3,0,3,5,0,0,5,3,0,0,5,2,0,0,5
48,Female,20,Masculinity,0,7,1,0,0,6,0,5,0,3,5,0,0,1,3,0,0,2,2,0,3,0,5,0,0,3,4,0,0,6,2,0,1,0,1,0,4,0,0,7,0,1,4,0,3,0,3,0,2,0,0,2,0,7,0,3,0,6,3,0,0,3,3,0,0,5,5,0,1,0,1,0,2,0,0,5,1,0,0,5,5,0,3,0,4,0,0,3,0,6,0,5,0,6,0,3,5,0,3,0,3,0,0,1,0,3,0,2,2,0,0,5,4,0,5,0,7,0,0,3,2,0,1,0,3,0,2,0,2,0,0,4,0,2,0,5,0,6,0,4,0,2,2,0,6,0,0,1,2,0,5,0,0,5,5,0,0,3,0,4,0,3,5,0,2,0,0,2,4,0,0,3,0,3,0,5,2,0,0,2,1,0,2,0,3,0,5,0,0,1,1,0,0,3,0,3,2,0,2,0,0,3,7,0,5,0,0,6,6,0,0,2,0,6,1,0,3,0
49,Male,23,Masculinity,0,4,3,0,0,5,4,0,0,3,0,4,0,4,4,0,3,0,0,3,0,3,4,0,0,3,0,4,4,0,0,4,4,0,3,0,4,0,4,0,3,0,3,0,4,0,0,3,0,4,0,5,4,0,3,0,4,0,0,3,0,3,4,0,4,0,0,5,5,0,3,0,4,0,0,3,0,4,0,4,4,0,0,4,3,0,0,3,0,6,4,0,0,4,3,0,0,5,4,0,0,4,3,0,3,0,0,3,3,0,0,5,4,0,4,0,4,0,4,0,0,4,3,0,4,0,2,0,3,0,0,4,3,0,0,5,4,0,0,3,0,3,3,0,6,0,0,4,4,0,0,5,0,4,4,0,0,4,0,4,0,5,0,5,0,3,0,4,0,5,0,3,0,4,0,5,4,0,3,0,0,3,5,0,0,4,4,0,0,3,3,0,4,0,4,0,4,0,3,0,3,0,0,5,0,4,0,4,5,0,5,0,6,0,2,0,0,3
50,Female,19,Masculinity,0,3,2,0,4,0,0,4,2,0,4,0,0,3,0,5,4,0,0,4,2,0,4,0,3,0,0,5,0,3,0,4,0,3,0,2,4,0,4,0,0,3,5,0,2,0,0,3,4,0,0,3,4,0,0,3,0,2,0,1,2,0,3,0,0,4,0,3,0,2,0,2,3,0,0,4,3,0,2,0,4,0,0,3,0,3,3,0,0,4,3,0,0,3,1,0,0,4,0,3,3,0,0,2,0,3,0,3,2,0,0,6,0,3,3,0,4,0,3,0,0,3,0,3,3,0,0,2,0,3,5,0,0,3,5,0,0,2,0,5,2,0,2,0,4,0,2,0,0,2,0,5,0,3,4,0,2,0,2,0,0,3,5,0,2,0,2,0,0,6,4,0,0,2,3,0,3,0,0,2,2,0,3,0,4,0,0,3,2,0,3,0,0,3,2,0,3,0,2,0,4,0,3,0,3,0,1,0,4,0,0,3,4,0,1,0,0,3
51,Female,19,Masculinity,3,0,4,0,4,0,2,0,1,0,0,3,0,2,1,0,0,4,0,1,1,0,0,5,0,2,0,4,0,3,0,3,3,0,1,0,0,4,0,6,2,0,0,2,0,3,2,0,4,0,5,0,4,0,0,1,0,3,0,2,1,0,6,0,0,3,0,4,1,0,0,1,2,0,0,3,2,0,4,0,4,0,4,0,3,0,0,3,5,0,4,0,2,0,1,0,5,0,0,3,0,4,0,1,0,3,0,2,2,0,0,5,0,4,0,7,3,0,3,0,3,0,1,0,0,2,2,0,2,0,4,0,1,0,0,4,3,0,0,2,2,0,0,1,0,6,0,2,0,2,0,6,0,4,5,0,5,0,0,2,2,0,5,0,0,2,2,0,5,0,0,2,3,0,0,3,0,2,0,2,0,2,0,2,2,0,2,0,0,2,0,3,0,2,2,0,0,3,0,3,0,2,0,4,0,2,0,4,4,0,0,3,0,4,1,0,3,0
52,Female,22,Masculinity,0,3,0,4,0,5,3,0,2,0,4,0,0,4,3,0,0,1,0,3,0,4,0,6,0,3,0,5,0,3,0,4,4,0,1,0,0,5,6,0,0,4,5,0,3,0,0,4,4,0,0,2,4,0,2,0,3,0,3,0,2,0,0,5,0,3,0,3,0,3,3,0,4,0,0,4,3,0,0,4,0,6,3,0,0,4,3,0,0,4,0,4,3,0,3,0,5,0,0,3,0,4,3,0,4,0,4,0,0,3,4,0,0,4,0,3,5,0,0,4,0,3,0,2,4,0,2,0,0,3,5,0,0,3,4,0,5,0,0,3,2,0,1,0,0,5,0,4,4,0,6,0,4,0,4,0,0,4,2,0,4,0,0,5,0,3,0,4,6,0,3,0,0,4,0,4,2,0,2,0,0,3,4,0,4,0,0,4,0,3,0,3,4,0,3,0,4,0,5,0,0,1,0,5,0,4,3,0,4,0,4,0,5,0,2,0,4,0
53,Female,19,Masculinity,0,4,0,3,0,4,3,0,3,0,3,0,3,0,2,0,0,2,0,3,0,2,4,0,0,3,0,3,3,0,3,0,3,0,3,0,3,0,0,5,0,2,0,2,0,3,3,0,3,0,3,0,0,3,0,3,0,4,0,2,0,3,4,0,0,3,5,0,3,0,2,0,3,0,0,3,4,0,0,3,0,5,2,0,0,3,0,3,0,4,4,0,0,4,0,3,4,0,3,0,2,0,0,4,3,0,3,0,0,2,0,3,4,0,3,0,3,0,4,0,3,0,3,0,0,4,0,3,2,0,0,4,2,0,0,4,0,3,0,4,0,3,0,3,0,4,0,3,0,4,0,4,4,0,4,0,0,2,4,0,3,0,0,2,0,2,0,3,0,5,0,4,0,3,0,3,3,0,0,3,3,0,2,0,0,4,3,0,0,3,0,3,0,2,2,0,0,3,3,0,0,3,0,3,3,0,0,4,0,5,0,3,5,0,0,2,3,0
54,Male,19,Masculinity,0,3,0,3,0,3,4,0,0,3,3,0,2,0,0,1,2,0,3,0,2,0,0,4,0,2,3,0,3,0,4,0,2,0,0,3,0,2,4,0,2,0,4,0,2,0,3,0,3,0,4,0,0,4,2,0,0,2,0,2,1,0,0,4,0,3,0,4,0,2,1,0,0,4,0,3,3,0,3,0,3,0,0,2,0,3,3,0,0,4,0,3,0,3,0,3,0,3,3,0,3,0,2,0,3,0,2,0,2,0,3,0,0,3,0,5,4,0,3,0,0,3,0,1,2,0,2,0,0,2,0,3,0,2,4,0,0,4,4,0,0,3,0,2,4,0,3,0,3,0,3,0,0,3,4,0,3,0,2,0,0,4,0,3,2,0,0,3,4,0,2,0,0,2,0,3,0,3,1,0,0,2,2,0,3,0,2,0,0,4,2,0,2,0,4,0,0,3,0,4,0,3,3,0,2,0,0,4,4,0,3,0,0,4,0,1,2,0
55,Female,20,Masculinity,0,5,5,0,0,5,4,0,4,0,0,4,0,5,0,3,5,0,0,5,4,0,0,6,0,4,0,4,0,5,6,0,4,0,3,0,5,0,5,0,3,0,0,4,4,0,4,0,0,5,4,0,0,6,3,0,6,0,4,0,4,0,5,0,0,6,0,6,4,0,0,4,4,0,0,6,0,5,0,5,0,4,4,0,0,5,4,0,0,6,0,4,6,0,3,0,0,5,3,0,5,0,5,0,0,5,0,4,3,0,5,0,5,0,5,0,0,4,0,5,0,5,0,3,0,4,4,0,0,5,0,5,5,0,5,0,0,5,0,5,0,5,0,5,0,6,4,0,0,5,0,6,6,0,6,0,4,0,5,0,4,0,0,5,4,0,0,5,7,0,4,0,5,0,0,4,0,4,4,0,4,0,3,0,0,5,0,4,0,4,4,0,3,0,0,4,0,5,0,5,4,0,4,0,4,0,0,6,6,0,4,0,6,0,3,0,0,5
56,Female,20,Masculinity,0,4,0,2,0,3,0,3,0,2,0,3,2,0,2,0,0,2,0,3,3,0,0,4,0,3,2,0,0,2,4,0,2,0,0,1,2,0,4,0,0,1,2,0,2,0,2,0,3,0,1,0,0,4,0,4,2,0,1,0,0,1,0,6,2,0,0,4,2,0,0,1,3,0,0,2,3,0,1,0,0,4,1,0,0,2,0,4,0,4,2,0,2,0,1,0,0,4,0,1,0,2,2,0,2,0,1,0,1,0,2,0,0,4,4,0,3,0,0,3,0,1,1,0,1,0,1,0,2,0,0,4,0,1,0,4,4,0,3,0,3,0,2,0,0,5,2,0,0,3,5,0,0,2,5,0,2,0,0,1,0,2,0,5,2,0,2,0,4,0,0,3,3,0,0,2,0,2,1,0,0,3,0,3,2,0,1,0,0,2,2,0,3,0,0,1,2,0,0,2,2,0,0,2,1,0,0,2,0,4,3,0,4,0,0,1,0,3
57,Female,19,Masculinity,4,0,5,0,0,5,0,4,0,3,0,6,4,0,0,2,0,1,0,4,3,0,5,0,2,0,0,5,4,0,0,6,3,0,1,0,0,6,5,0,0,3,0,4,0,4,0,2,7,0,0,2,6,0,3,0,0,4,2,0,0,1,6,0,0,7,7,0,2,0,0,1,2,0,0,4,6,0,0,5,0,6,0,5,4,0,0,2,0,6,0,6,0,5,1,0,0,7,5,0,2,0,2,0,0,5,0,3,1,0,0,7,0,6,4,0,7,0,3,0,3,0,0,1,2,0,0,2,2,0,0,4,0,1,6,0,4,0,3,0,0,2,1,0,0,7,0,5,0,5,7,0,6,0,6,0,5,0,5,0,0,4,0,5,2,0,3,0,0,7,4,0,2,0,3,0,0,3,1,0,1,0,0,2,0,4,5,0,1,0,0,3,0,2,2,0,4,0,5,0,0,5,0,6,4,0,0,3,0,7,5,0,0,6,0,1,5,0
58,Male,18,Masculinity,0,1,2,0,0,2,0,2,0,1,3,0,0,1,0,2,0,2,1,0,0,2,2,0,0,1,1,0,0,1,0,2,0,3,0,1,0,1,2,0,0,2,2,0,2,0,0,2,0,2,2,0,0,3,0,1,0,2,0,1,2,0,0,4,1,0,3,0,0,1,1,0,0,2,0,1,0,1,2,0,0,3,0,2,2,0,1,0,2,0,0,2,3,0,1,0,0,3,0,1,0,2,0,1,1,0,0,1,1,0,0,3,1,0,3,0,0,3,2,0,1,0,0,1,1,0,1,0,1,0,2,0,1,0,1,0,0,3,1,0,1,0,1,0,0,6,0,2,2,0,0,5,0,3,2,0,3,0,2,0,0,4,2,0,1,0,0,2,2,0,0,1,0,2,1,0,0,2,0,1,1,0,1,0,0,2,1,0,1,0,0,1,1,0,0,2,2,0,2,0,1,0,0,2,2,0,2,0,0,4,3,0,0,2,1,0,0,2
59,Male,31,Masculinity,1,0,0,1,2,0,1,0,0,1,0,1,1,0,0,1,0,1,0,1,1,0,0,2,1,0,0,1,1,0,0,2,0,1,0,1,1,0,0,3,0,1,1,0,0,1,0,1,1,0,1,0,2,0,0,1,1,0,0,1,1,0,0,3,0,2,0,2,1,0,0,1,0,1,1,0,1,0,0,1,0,2,0,1,1,0,1,0,0,2,0,2,1,0,1,0,2,0,1,0,0,1,0,1,1,0,0,1,0,1,1,0,2,0,3,0,2,0,0,1,1,0,1,0,1,0,0,1,1,0,1,0,0,1,0,1,1,0,1,0,0,1,1,0,1,0,1,0,0,1,0,3,0,2,1,0,2,0,1,0,2,0,1,0,1,0,1,0,0,2,0,1,0,1,1,0,0,1,1,0,1,0,0,1,0,1,1,0,1,0,0,1,1,0,0,1,0,1,1,0,1,0,1,0,0,1,1,0,1,0,0,2,1,0,0,1,0,2
60,Male,19,Masculinity,4,0,4,0,0,5,0,4,0,3,0,3,3,0,0,2,0,3,2,0,2,0,5,0,0,2,3,0,0,4,0,4,3,0,0,2,0,3,7,0,0,3,4,0,3,0,2,0,0,5,5,0,3,0,2,0,4,0,2,0,0,2,6,0,6,0,0,5,0,6,2,0,0,3,0,2,3,0,0,5,4,0,3,0,0,4,3,0,6,0,0,5,0,4,0,2,0,6,3,0,0,3,0,3,2,0,0,2,2,0,5,0,5,0,0,6,0,6,0,5,0,2,1,0,0,4,3,0,0,4,2,0,0,2,4,0,4,0,0,3,2,0,2,0,6,0,0,3,3,0,6,0,5,0,0,5,0,2,3,0,0,6,5,0,0,2,3,0,0,6,3,0,4,0,0,3,0,2,2,0,3,0,2,0,2,0,0,3,3,0,3,0,0,2,0,3,0,3,0,3,0,3,0,5,3,0,4,0,0,6,6,0,0,4,0,1,3,0
61,Female,41,Masculinity,0,4,2,0,0,3,0,4,2,0,2,0,0,2,1,0,0,2,0,1,2,0,0,6,2,0,3,0,0,4,3,0,0,2,1,0,3,0,0,7,0,1,4,0,0,4,3,0,0,6,0,2,0,4,0,1,2,0,1,0,1,0,0,6,0,2,3,0,1,0,0,1,0,2,0,3,3,0,3,0,0,1,2,0,2,0,0,2,0,6,0,5,0,3,0,2,5,0,4,0,1,0,3,0,0,2,1,0,0,4,4,0,0,6,0,2,5,0,3,0,1,0,2,0,3,0,0,1,2,0,5,0,0,1,4,0,3,0,0,3,4,0,1,0,4,0,0,4,2,0,0,7,0,4,0,6,2,0,3,0,0,6,0,5,0,2,2,0,0,5,4,0,2,0,0,5,0,3,3,0,0,3,0,3,1,0,3,0,1,0,0,3,2,0,2,0,0,3,0,3,0,2,4,0,3,0,5,0,6,0,0,4,0,4,2,0,0,4
62,Female,19,Masculinity,3,0,4,0,5,0,4,0,0,3,0,4,0,3,3,0,0,5,0,3,3,0,5,0,3,0,0,5,0,4,0,5,4,0,0,3,0,4,0,5,3,0,0,4,4,0,4,0,0,4,0,4,0,4,3,0,3,0,3,0,0,3,0,5,0,5,4,0,0,3,3,0,0,4,4,0,0,4,0,4,0,6,0,4,3,0,0,3,0,6,4,0,0,4,3,0,4,0,0,4,0,3,3,0,0,3,0,3,0,4,5,0,0,5,0,5,0,4,0,4,4,0,0,3,3,0,3,0,4,0,5,0,3,0,0,5,5,0,3,0,3,0,3,0,0,5,4,0,0,3,5,0,0,4,0,5,0,4,4,0,5,0,5,0,0,3,4,0,5,0,0,3,0,3,0,5,4,0,0,3,0,3,4,0,4,0,0,4,3,0,0,4,3,0,3,0,4,0,0,4,3,0,4,0,3,0,4,0,0,5,0,4,5,0,3,0,0,4
63,Female,24,Masculinity,1,0,0,2,0,3,0,3,1,0,0,4,3,0,1,0,0,2,0,2,0,2,0,3,0,3,2,0,3,0,0,3,0,3,2,0,0,4,4,0,1,0,0,4,2,0,0,2,0,4,4,0,1,0,3,0,1,0,0,2,0,1,4,0,5,0,4,0,0,1,1,0,0,4,0,3,0,4,3,0,2,0,0,3,0,4,0,3,4,0,0,4,0,1,0,2,5,0,1,0,4,0,2,0,2,0,0,2,1,0,3,0,0,2,5,0,0,4,4,0,1,0,1,0,0,1,1,0,2,0,1,0,0,2,0,3,4,0,4,0,1,0,2,0,0,5,0,3,0,1,0,5,0,4,5,0,0,2,4,0,0,3,3,0,1,0,1,0,0,1,0,1,0,1,4,0,0,1,0,2,0,2,2,0,0,2,0,2,0,2,3,0,0,2,0,3,0,3,0,2,0,2,2,0,0,2,4,0,0,5,2,0,3,0,0,1,5,0
64,Female,19,Masculinity,4,0,4,0,0,5,3,0,0,4,4,0,0,4,3,0,0,3,0,3,0,3,4,0,0,3,0,4,3,0,3,0,4,0,0,3,0,5,0,5,0,3,3,0,0,3,0,3,0,3,4,0,3,0,3,0,0,3,2,0,0,3,0,3,4,0,4,0,3,0,3,0,0,3,4,0,3,0,0,4,0,4,3,0,0,4,0,3,0,4,0,5,0,4,0,3,5,0,4,0,3,0,3,0,0,5,3,0,0,3,0,4,3,0,4,0,5,0,0,4,0,3,3,0,0,3,4,0,0,3,4,0,3,0,0,4,3,0,0,4,3,0,0,3,0,6,3,0,0,4,5,0,5,0,4,0,0,4,4,0,0,3,4,0,0,3,0,4,3,0,4,0,3,0,0,4,0,4,3,0,0,3,3,0,3,0,4,0,3,0,3,0,0,3,0,3,3,0,0,3,0,3,0,3,3,0,4,0,0,6,0,3,0,3,3,0,0,3
65,Female,20,Masculinity,0,3,0,1,0,5,0,2,0,2,4,0,0,3,0,1,3,0,0,2,2,0,4,0,0,2,4,0,2,0,0,4,0,2,0,2,0,3,6,0,2,0,3,0,3,0,3,0,0,4,0,3,4,0,0,3,2,0,2,0,0,1,3,0,3,0,5,0,1,0,1,0,0,3,0,4,4,0,3,0,0,4,0,4,4,0,3,0,4,0,0,3,1,0,1,0,0,4,2,0,3,0,0,3,0,4,2,0,0,4,0,4,2,0,2,0,0,3,0,2,0,2,0,3,0,2,0,2,0,2,5,0,2,0,0,5,4,0,3,0,0,2,0,2,0,6,0,2,0,5,6,0,3,0,0,4,0,3,0,3,4,0,0,5,3,0,3,0,3,0,0,3,0,2,0,4,3,0,2,0,0,2,2,0,0,5,4,0,0,1,2,0,0,2,1,0,0,5,0,5,2,0,0,3,3,0,2,0,0,4,0,5,3,0,0,2,0,3
66,Male,21,Masculinity,0,3,4,0,2,0,0,2,0,3,0,3,0,3,3,0,0,4,0,4,0,1,3,0,0,1,3,0,2,0,3,0,0,4,0,1,0,3,5,0,0,2,0,6,0,2,2,0,0,4,0,3,0,5,0,2,5,0,1,0,3,0,0,5,6,0,0,4,0,2,1,0,0,2,3,0,0,3,0,4,3,0,4,0,0,4,2,0,4,0,0,3,0,4,1,0,0,6,3,0,2,0,0,3,0,3,0,1,3,0,0,5,3,0,0,2,4,0,4,0,2,0,0,2,1,0,0,3,0,4,0,4,0,2,0,4,2,0,0,3,3,0,0,2,0,6,0,3,0,4,3,0,0,5,0,5,0,3,1,0,0,3,0,5,3,0,0,4,0,5,0,4,0,2,4,0,0,2,0,2,2,0,0,1,0,3,2,0,1,0,2,0,0,1,0,2,3,0,0,3,4,0,3,0,0,2,3,0,0,4,4,0,4,0,0,2,0,3
67,Female,34,Masculinity,0,5,0,5,0,4,6,0,4,0,0,4,4,0,2,0,4,0,4,0,0,3,0,3,0,3,3,0,4,0,0,3,4,0,2,0,5,0,6,0,3,0,4,0,0,3,0,4,4,0,4,0,3,0,4,0,0,5,0,2,0,3,5,0,3,0,0,5,2,0,2,0,0,2,4,0,4,0,0,4,4,0,4,0,0,5,0,4,4,0,4,0,0,5,0,2,0,6,0,4,3,0,0,4,0,4,3,0,0,2,0,4,0,4,4,0,4,0,0,3,2,0,3,0,0,3,2,0,0,3,0,4,3,0,4,0,2,0,2,0,4,0,3,0,0,5,4,0,2,0,0,5,4,0,0,5,0,4,4,0,4,0,0,5,3,0,3,0,0,5,3,0,0,3,4,0,0,4,2,0,3,0,0,3,4,0,0,4,3,0,0,3,0,4,4,0,5,0,0,3,2,0,5,0,3,0,5,0,0,5,5,0,0,5,0,3,3,0
68,Male,18,Masculinity,0,5,0,5,5,0,0,3,2,0,4,0,0,4,2,0,2,0,2,0,1,0,5,0,0,1,0,4,3,0,4,0,3,0,0,1,3,0,0,6,0,2,4,0,4,0,2,0,0,6,4,0,0,6,2,0,5,0,0,1,0,2,6,0,0,3,0,4,1,0,1,0,3,0,3,0,2,0,0,3,4,0,3,0,3,0,2,0,0,5,0,4,0,5,0,2,5,0,5,0,0,3,2,0,0,4,0,3,2,0,6,0,3,0,4,0,5,0,0,4,3,0,0,2,3,0,1,0,2,0,0,4,2,0,0,3,0,5,5,0,3,0,3,0,0,6,5,0,2,0,6,0,0,5,6,0,0,4,0,3,6,0,0,6,2,0,4,0,0,5,0,3,2,0,3,0,2,0,2,0,3,0,0,1,3,0,0,4,2,0,3,0,0,2,0,3,2,0,4,0,0,4,4,0,3,0,0,5,0,6,0,3,5,0,1,0,0,4
69,Female,19,Masculinity,0,4,0,4,5,0,4,0,0,5,4,0,4,0,3,0,0,2,0,3,0,3,5,0,4,0,4,0,4,0,0,6,0,4,0,3,4,0,6,0,3,0,0,5,0,5,5,0,6,0,3,0,5,0,4,0,4,0,3,0,0,3,5,0,7,0,0,5,0,4,0,4,5,0,5,0,6,0,5,0,0,6,0,5,0,4,0,3,5,0,0,4,5,0,2,0,0,3,2,0,5,0,4,0,4,0,0,5,4,0,5,0,0,4,0,5,6,0,5,0,0,3,0,5,4,0,3,0,5,0,5,0,3,0,5,0,4,0,0,5,5,0,0,4,7,0,5,0,4,0,5,0,0,6,0,5,0,5,5,0,6,0,0,5,3,0,0,4,4,0,3,0,2,0,5,0,0,4,0,3,0,3,0,3,0,5,0,5,0,3,0,4,4,0,0,4,0,5,0,5,4,0,4,0,0,5,0,6,0,6,0,3,0,4,2,0,5,0
70,Female,19,Masculinity,0,7,3,0,0,6,0,3,0,3,0,3,0,3,0,2,0,2,2,0,3,0,4,0,1,0,5,0,2,0,3,0,0,3,0,1,2,0,7,0,0,1,2,0,0,4,3,0,0,4,0,3,0,5,2,0,4,0,0,2,0,3,0,6,0,3,0,6,0,3,0,2,0,3,0,3,0,1,0,5,5,0,0,4,3,0,3,0,0,6,0,5,5,0,3,0,0,7,0,3,0,3,3,0,0,2,0,3,0,2,0,7,0,5,0,6,0,5,0,3,3,0,0,2,0,4,2,0,0,3,3,0,0,2,0,3,3,0,4,0,0,3,1,0,5,0,4,0,0,4,5,0,5,0,0,5,3,0,3,0,0,3,0,5,0,3,4,0,0,4,2,0,0,4,0,4,0,3,3,0,3,0,0,3,4,0,0,4,0,2,3,0,0,3,3,0,4,0,0,4,0,5,0,4,3,0,3,0,0,6,4,0,0,5,2,0,3,0
71,Female,18,Masculinity,0,4,4,0,0,4,0,4,0,3,0,4,3,0,3,0,4,0,0,3,3,0,4,0,2,0,0,4,0,3,3,0,0,3,0,3,3,0,4,0,0,3,4,0,0,3,3,0,3,0,3,0,0,4,0,3,3,0,0,2,3,0,0,4,4,0,4,0,3,0,0,3,3,0,0,3,3,0,0,4,0,5,4,0,0,4,0,3,4,0,0,4,0,5,0,3,6,0,3,0,3,0,3,0,3,0,0,4,3,0,6,0,3,0,5,0,4,0,3,0,4,0,2,0,0,2,2,0,4,0,4,0,3,0,3,0,3,0,0,3,3,0,2,0,0,5,3,0,3,0,0,4,4,0,3,0,0,5,0,3,4,0,0,6,3,0,3,0,0,5,0,3,3,0,0,4,3,0,3,0,2,0,3,0,3,0,3,0,3,0,0,3,3,0,0,3,0,3,4,0,0,3,4,0,3,0,0,5,6,0,4,0,4,0,0,2,2,0
72,Female,18,Masculinity,0,4,0,4,3,0,3,0,3,0,3,0,2,0,3,0,2,0,3,0,2,0,0,4,0,2,0,4,2,0,0,3,0,3,0,2,1,0,0,5,1,0,4,0,3,0,3,0,4,0,3,0,2,0,0,1,0,4,2,0,2,0,0,3,0,5,6,0,2,0,1,0,3,0,4,0,0,3,3,0,0,2,2,0,0,5,2,0,3,0,0,3,0,3,1,0,0,6,2,0,2,0,2,0,2,0,2,0,0,2,4,0,0,3,0,5,5,0,3,0,2,0,2,0,2,0,0,1,0,3,0,3,0,2,0,4,3,0,0,2,2,0,1,0,5,0,0,3,0,3,0,6,0,3,0,3,0,4,0,4,4,0,0,2,0,2,0,3,3,0,0,3,2,0,0,3,0,3,2,0,2,0,2,0,3,0,3,0,0,1,1,0,2,0,0,2,0,3,3,0,0,2,4,0,2,0,0,3,0,5,0,4,0,4,0,1,3,0
73,Female,19,Masculinity,0,5,0,3,0,5,0,3,3,0,0,4,2,0,2,0,0,4,3,0,0,5,4,0,0,2,0,4,2,0,0,4,4,0,2,0,0,5,5,0,3,0,4,0,4,0,0,5,0,4,3,0,4,0,3,0,0,4,2,0,0,3,0,5,4,0,0,6,0,3,0,1,0,3,4,0,4,0,4,0,4,0,3,0,0,4,3,0,4,0,0,5,0,5,0,3,5,0,4,0,4,0,0,3,3,0,3,0,0,3,0,6,4,0,0,4,0,6,0,4,0,4,0,3,0,4,0,3,3,0,0,4,3,0,0,5,4,0,5,0,2,0,0,3,6,0,0,4,3,0,6,0,4,0,6,0,0,4,0,4,0,3,4,0,0,3,0,5,4,0,0,3,0,3,6,0,2,0,3,0,2,0,0,3,0,3,0,4,3,0,0,4,0,4,0,5,5,0,0,5,0,4,5,0,0,4,0,4,4,0,0,4,4,0,0,3,4,0
74,Female,18,Masculinity,5,0,0,6,0,3,3,0,0,2,3,0,1,0,0,2,0,6,0,3,0,3,4,0,0,5,0,6,2,0,0,2,0,4,0,2,0,3,0,2,0,5,0,6,3,0,0,5,0,5,0,6,0,4,0,3,0,3,0,2,0,1,0,5,5,0,0,5,1,0,2,0,2,0,0,3,3,0,0,6,0,4,3,0,3,0,2,0,5,0,4,0,5,0,3,0,6,0,3,0,0,6,4,0,0,4,0,4,0,3,6,0,3,0,4,0,6,0,3,0,1,0,1,0,2,0,2,0,5,0,0,4,0,1,0,2,0,4,0,2,0,1,2,0,5,0,5,0,0,3,0,6,0,4,0,7,5,0,3,0,0,5,0,5,0,2,0,4,5,0,4,0,0,3,4,0,0,3,0,2,4,0,2,0,3,0,0,2,1,0,3,0,4,0,3,0,0,5,4,0,4,0,5,0,0,5,0,6,0,7,4,0,3,0,0,4,0,5
75,Female,20,Masculinity,5,0,0,5,0,7,0,6,0,4,3,0,5,0,0,6,3,0,4,0,0,3,6,0,0,3,0,4,5,0,6,0,0,6,6,0,0,7,0,7,3,0,6,0,6,0,0,5,5,0,0,5,3,0,0,5,0,5,3,0,5,0,0,6,0,7,5,0,3,0,0,3,4,0,5,0,5,0,3,0,6,0,0,5,3,0,0,5,0,7,0,6,6,0,0,5,0,7,5,0,0,5,0,5,6,0,0,4,0,4,7,0,0,5,5,0,0,5,0,5,3,0,3,0,6,0,0,3,5,0,0,5,4,0,0,5,0,6,0,5,0,5,0,4,0,6,5,0,0,5,5,0,5,0,6,0,5,0,0,4,5,0,5,0,3,0,0,5,0,7,5,0,0,3,6,0,0,5,4,0,0,3,5,0,0,6,5,0,5,0,5,0,0,5,5,0,5,0,0,6,5,0,0,5,0,6,5,0,6,0,0,5,5,0,3,0,5,0
76,Female,18,Masculinity,0,4,2,0,0,6,0,5,0,2,0,2,0,1,2,0,0,2,0,3,0,2,0,5,2,0,4,0,0,4,0,3,0,4,2,0,2,0,0,6,2,0,0,3,2,0,2,0,0,3,2,0,4,0,0,5,0,3,0,3,0,2,5,0,4,0,0,6,0,2,1,0,0,3,0,3,3,0,0,5,0,3,3,0,3,0,3,0,0,7,0,4,2,0,2,0,0,7,4,0,3,0,0,2,3,0,2,0,0,2,0,6,0,6,0,5,7,0,2,0,2,0,2,0,0,2,1,0,0,3,0,2,2,0,2,0,0,6,3,0,0,2,2,0,0,6,0,3,0,4,6,0,0,4,0,6,3,0,2,0,3,0,0,5,0,3,0,3,3,0,0,4,1,0,3,0,2,0,1,0,0,2,0,3,0,4,2,0,0,2,2,0,1,0,0,5,3,0,0,3,0,1,0,5,2,0,5,0,0,6,0,4,5,0,0,1,2,0
77,Female,20,Masculinity,6,0,6,0,0,6,0,3,3,0,0,6,5,0,0,2,0,2,0,2,3,0,0,6,0,2,0,5,0,3,0,5,0,2,0,1,7,0,0,6,0,3,0,2,0,2,0,2,5,0,0,2,1,0,3,0,1,0,0,2,1,0,0,3,5,0,6,0,2,0,0,1,6,0,0,6,6,0,0,6,0,6,0,3,0,2,2,0,0,5,3,0,3,0,2,0,0,6,3,0,1,0,1,0,0,5,0,1,0,3,0,7,0,1,0,7,6,0,3,0,1,0,3,0,1,0,1,0,1,0,6,0,2,0,2,0,0,2,2,0,5,0,1,0,0,7,5,0,0,6,0,5,0,6,3,0,0,5,3,0,0,3,0,7,2,0,5,0,7,0,0,5,5,0,6,0,0,3,5,0,0,1,3,0,5,0,1,0,0,6,0,2,0,6,0,2,0,5,0,6,1,0,3,0,1,0,3,0,7,0,1,0,5,0,1,0,0,6
78,Female,19,Masculinity,0,2,3,0,4,0,0,3,2,0,3,0,0,4,4,0,0,5,0,3,5,0,6,0,0,2,0,4,5,0,5,0,3,0,0,4,0,5,0,5,4,0,3,0,3,0,0,4,3,0,0,2,5,0,2,0,0,3,0,1,4,0,6,0,3,0,0,5,0,2,3,0,0,3,5,0,0,5,4,0,4,0,0,5,0,3,0,2,0,5,1,0,0,1,0,4,5,0,0,2,0,3,3,0,5,0,0,2,4,0,1,0,3,0,0,2,0,1,0,2,0,2,0,3,0,1,0,3,2,0,0,4,0,3,3,0,5,0,0,1,0,5,0,5,6,0,4,0,0,5,6,0,0,3,4,0,0,5,2,0,0,5,0,2,3,0,0,3,4,0,0,5,0,2,0,3,0,3,5,0,0,1,3,0,2,0,0,2,2,0,0,5,6,0,3,0,0,2,0,4,4,0,0,4,0,2,2,0,4,0,0,4,5,0,5,0,0,5
79,Female,20,Masculinity,0,3,3,0,0,4,2,0,4,0,0,4,0,4,2,0,4,0,0,3,0,4,0,5,0,3,4,0,3,0,0,4,0,5,0,3,0,5,0,5,4,0,4,0,0,5,3,0,0,4,0,4,4,0,0,3,4,0,0,1,1,0,6,0,4,0,0,6,2,0,0,1,0,4,5,0,0,3,0,5,0,6,0,3,0,4,0,3,0,5,0,4,0,3,0,3,0,5,0,3,0,5,0,3,0,4,2,0,0,3,0,7,0,5,0,6,0,6,2,0,2,0,0,4,0,4,2,0,1,0,0,5,2,0,0,4,0,7,2,0,2,0,0,3,7,0,0,5,0,3,5,0,6,0,4,0,0,5,2,0,0,2,4,0,3,0,0,4,0,6,2,0,2,0,4,0,2,0,0,4,0,4,0,3,5,0,2,0,3,0,0,3,3,0,3,0,3,0,4,0,4,0,0,5,0,3,0,3,0,6,0,3,4,0,0,2,0,3
80,Female,20,Masculinity,0,4,5,0,0,3,3,0,3,0,0,5,3,0,0,4,4,0,3,0,0,3,4,0,0,3,0,4,4,0,0,4,0,3,0,1,0,4,4,0,1,0,4,0,0,4,3,0,0,2,0,4,0,6,0,4,0,3,3,0,1,0,5,0,0,4,5,0,3,0,3,0,2,0,0,4,3,0,0,4,4,0,0,4,5,0,2,0,4,0,0,4,0,5,3,0,0,5,0,3,0,4,3,0,3,0,5,0,0,4,3,0,3,0,0,4,0,4,0,4,3,0,0,3,2,0,1,0,4,0,0,4,2,0,0,4,3,0,0,4,1,0,1,0,0,6,0,4,4,0,5,0,0,4,4,0,4,0,2,0,4,0,0,5,0,3,0,4,0,4,0,3,3,0,0,4,0,3,0,3,0,2,0,4,5,0,0,4,2,0,4,0,2,0,2,0,0,3,4,0,0,4,3,0,3,0,0,3,0,6,0,4,0,4,0,1,0,5
81,Female,18,Masculinity,3,0,3,0,0,4,0,3,4,0,2,0,4,0,2,0,0,4,0,5,3,0,4,0,0,3,3,0,4,0,0,3,4,0,4,0,3,0,0,5,2,0,5,0,0,3,0,4,2,0,3,0,2,0,0,2,0,4,0,2,3,0,4,0,0,4,0,4,0,3,2,0,3,0,0,4,5,0,4,0,3,0,0,5,2,0,2,0,0,5,2,0,4,0,3,0,5,0,3,0,3,0,0,3,4,0,0,4,2,0,6,0,4,0,0,4,5,0,0,4,0,3,4,0,2,0,0,3,0,5,4,0,0,4,3,0,0,5,0,4,0,5,2,0,5,0,4,0,2,0,0,4,3,0,0,3,4,0,0,3,0,4,4,0,0,2,4,0,5,0,3,0,0,4,3,0,2,0,0,3,2,0,0,2,0,3,2,0,3,0,3,0,0,2,0,4,2,0,3,0,0,4,4,0,3,0,0,4,3,0,0,3,0,4,0,2,0,3
82,Female,20,Masculinity,3,0,0,3,3,0,0,5,0,3,3,0,2,0,0,3,0,5,2,0,0,2,0,5,3,0,4,0,2,0,0,4,2,0,0,1,2,0,5,0,0,2,0,5,3,0,0,5,5,0,0,3,2,0,3,0,4,0,2,0,0,2,0,6,5,0,0,6,2,0,2,0,4,0,3,0,4,0,4,0,0,7,0,5,0,4,0,3,0,6,0,4,0,6,1,0,6,0,0,5,0,2,0,3,0,3,3,0,3,0,0,6,3,0,0,6,0,4,0,5,2,0,2,0,0,3,2,0,0,2,3,0,2,0,0,4,3,0,0,4,1,0,2,0,0,7,0,2,2,0,7,0,5,0,3,0,0,6,0,5,0,4,6,0,3,0,3,0,0,5,2,0,2,0,4,0,4,0,4,0,3,0,3,0,3,0,4,0,0,3,0,3,0,4,0,3,4,0,0,4,3,0,0,4,0,4,5,0,6,0,0,3,0,5,3,0,5,0
83,Female,18,Masculinity,4,0,0,4,0,7,5,0,3,0,6,0,5,0,0,4,1,0,0,5,0,3,5,0,2,0,0,4,0,4,4,0,2,0,0,2,5,0,7,0,2,0,5,0,0,5,0,4,5,0,0,3,0,6,0,4,0,5,2,0,0,4,5,0,6,0,6,0,3,0,3,0,6,0,0,6,4,0,5,0,6,0,0,4,0,5,3,0,0,4,5,0,0,3,0,3,7,0,1,0,0,4,0,2,0,1,0,2,2,0,5,0,0,6,0,7,0,7,0,5,0,4,2,0,4,0,0,2,5,0,0,6,3,0,0,7,0,5,5,0,5,0,0,5,7,0,3,0,2,0,6,0,0,5,7,0,0,5,0,3,5,0,3,0,2,0,4,0,0,7,3,0,0,5,0,4,3,0,2,0,2,0,0,2,2,0,5,0,0,6,3,0,0,3,0,4,2,0,0,4,4,0,5,0,5,0,3,0,6,0,0,5,0,6,0,4,0,5
84,Female,19,Masculinity,0,4,0,5,0,3,0,3,2,0,0,3,0,2,0,2,3,0,2,0,1,0,0,4,2,0,3,0,0,2,0,3,4,0,0,1,4,0,4,0,0,2,0,4,1,0,2,0,0,2,3,0,3,0,2,0,3,0,0,3,0,2,0,5,5,0,0,6,2,0,0,1,0,4,4,0,2,0,0,2,0,4,0,3,0,3,3,0,5,0,2,0,0,2,0,2,0,6,2,0,2,0,0,2,0,3,2,0,2,0,4,0,3,0,0,6,5,0,3,0,2,0,0,1,1,0,1,0,2,0,0,4,0,2,5,0,0,4,0,5,0,2,0,2,6,0,3,0,0,3,6,0,2,0,0,5,0,4,0,2,0,4,5,0,1,0,3,0,4,0,2,0,3,0,3,0,1,0,0,2,1,0,0,3,0,3,2,0,1,0,2,0,2,0,0,3,0,4,0,3,3,0,5,0,1,0,0,5,0,5,5,0,5,0,1,0,0,4
85,Female,19,Masculinity,0,5,3,0,0,4,0,3,3,0,0,3,4,0,2,0,2,0,0,3,3,0,3,0,1,0,0,4,3,0,0,4,1,0,0,1,3,0,0,4,1,0,3,0,4,0,3,0,2,0,3,0,5,0,2,0,0,4,0,1,0,2,5,0,0,5,5,0,0,3,1,0,2,0,4,0,0,4,0,3,6,0,2,0,2,0,0,2,0,6,4,0,0,4,1,0,6,0,3,0,0,3,2,0,2,0,0,4,1,0,0,6,0,4,0,4,0,6,0,5,1,0,1,0,2,0,0,2,0,2,0,4,1,0,3,0,0,5,0,4,1,0,2,0,0,7,0,3,0,4,0,7,5,0,0,6,0,5,0,3,0,5,4,0,2,0,4,0,5,0,0,1,0,3,0,4,0,3,0,3,0,2,4,0,0,3,3,0,4,0,3,0,1,0,2,0,2,0,3,0,2,0,0,4,0,3,4,0,0,5,3,0,0,6,0,1,3,0
86,Male,18,Masculinity,6,0,0,6,0,6,0,4,2,0,0,6,3,0,0,2,0,4,2,0,0,3,0,6,2,0,0,7,0,3,3,0,3,0,0,3,5,0,0,6,0,3,0,3,0,3,0,4,4,0,0,4,6,0,0,3,5,0,0,3,2,0,0,4,4,0,7,0,4,0,2,0,3,0,4,0,0,3,0,5,5,0,3,0,0,5,2,0,0,6,5,0,5,0,0,3,0,5,5,0,0,3,3,0,5,0,0,4,0,2,0,5,0,6,0,5,0,5,0,3,3,0,2,0,2,0,2,0,3,0,0,5,2,0,0,5,0,5,3,0,0,5,2,0,5,0,0,5,0,4,5,0,0,5,6,0,4,0,0,2,6,0,0,3,3,0,5,0,0,5,3,0,5,0,5,0,3,0,3,0,3,0,5,0,0,5,0,4,0,3,3,0,2,0,0,3,0,5,3,0,3,0,5,0,2,0,0,5,6,0,3,0,5,0,0,2,3,0
87,Female,18,Masculinity,4,0,2,0,4,0,2,0,0,2,2,0,3,0,2,0,0,2,2,0,2,0,0,5,0,2,0,4,2,0,2,0,0,3,0,1,0,4,0,5,1,0,0,4,0,1,2,0,3,0,2,0,0,5,0,2,0,4,1,0,0,3,5,0,0,5,0,6,0,2,1,0,0,4,0,4,3,0,0,3,0,5,0,3,0,2,3,0,0,5,4,0,0,2,0,2,4,0,0,2,2,0,0,2,2,0,1,0,2,0,4,0,3,0,0,5,5,0,0,4,1,0,0,1,0,2,0,1,2,0,4,0,0,2,5,0,0,6,0,4,1,0,0,2,0,6,0,5,0,2,5,0,0,3,0,4,5,0,2,0,5,0,0,5,2,0,0,2,3,0,2,0,0,2,3,0,0,1,2,0,0,2,2,0,0,2,0,4,0,3,0,3,2,0,2,0,0,2,0,3,1,0,0,5,2,0,3,0,4,0,5,0,3,0,1,0,4,0
88,Female,18,Masculinity,3,0,0,4,2,0,2,0,0,4,0,3,2,0,3,0,0,2,0,2,3,0,0,6,2,0,0,4,0,2,2,0,4,0,2,0,0,3,4,0,2,0,0,3,0,2,0,3,0,5,0,4,0,5,3,0,4,0,3,0,0,2,5,0,6,0,7,0,0,2,1,0,2,0,0,3,3,0,5,0,4,0,0,3,2,0,0,4,0,2,4,0,0,3,3,0,0,5,0,3,3,0,0,2,3,0,0,2,3,0,0,5,4,0,4,0,0,6,3,0,2,0,2,0,0,2,0,2,0,3,0,4,2,0,4,0,5,0,3,0,2,0,3,0,5,0,4,0,2,0,0,6,2,0,0,5,0,2,0,4,5,0,4,0,2,0,3,0,0,5,2,0,0,3,4,0,2,0,2,0,0,2,3,0,0,4,4,0,0,3,0,3,3,0,2,0,0,5,4,0,3,0,3,0,2,0,0,4,0,4,0,5,0,5,0,1,2,0
89,Female,39,Masculinity,4,0,0,1,2,0,0,2,2,0,0,4,3,0,1,0,1,0,0,1,1,0,4,0,0,1,0,3,1,0,2,0,0,2,0,1,3,0,0,2,0,1,2,0,0,1,1,0,0,5,0,2,0,2,1,0,1,0,0,1,1,0,0,2,3,0,2,0,0,1,0,1,2,0,4,0,0,3,0,2,0,4,0,1,0,2,0,3,0,4,5,0,0,3,0,1,0,4,1,0,1,0,1,0,0,4,1,0,1,0,2,0,1,0,0,1,0,4,3,0,1,0,0,1,0,1,2,0,0,1,0,2,1,0,0,4,0,2,0,1,1,0,0,1,6,0,0,1,0,4,7,0,4,0,4,0,0,2,2,0,0,4,2,0,0,2,0,1,1,0,0,3,2,0,2,0,2,0,0,2,1,0,1,0,3,0,0,2,0,1,2,0,1,0,0,2,0,2,0,2,0,1,0,1,1,0,1,0,0,4,0,2,0,4,0,1,4,0
90,Female,18,Masculinity,0,4,0,4,0,4,0,3,2,0,0,5,4,0,2,0,3,0,4,0,2,0,0,4,0,2,2,0,3,0,3,0,0,4,2,0,0,4,0,4,0,4,4,0,0,4,0,3,3,0,3,0,0,4,2,0,0,6,2,0,1,0,4,0,0,5,4,0,3,0,0,2,3,0,3,0,4,0,0,3,4,0,0,4,3,0,2,0,5,0,0,4,3,0,3,0,0,5,0,4,5,0,2,0,0,3,0,4,0,3,0,5,0,5,0,6,5,0,5,0,2,0,0,2,0,3,2,0,4,0,0,4,2,0,5,0,0,5,5,0,3,0,3,0,0,6,0,5,0,3,5,0,0,6,5,0,3,0,0,3,0,5,4,0,3,0,0,4,0,3,0,4,0,3,0,5,3,0,0,3,0,3,0,2,3,0,3,0,2,0,3,0,2,0,2,0,3,0,2,0,3,0,0,6,0,4,4,0,0,4,0,3,4,0,0,1,2,0
91,Male,19,Masculinity,0,2,2,0,0,3,3,0,2,0,0,4,3,0,2,0,0,3,3,0,0,2,3,0,3,0,0,2,2,0,0,3,4,0,0,2,0,3,0,4,2,0,0,4,3,0,2,0,0,4,3,0,2,0,0,3,0,3,3,0,2,0,0,2,0,4,4,0,2,0,2,0,4,0,0,3,0,4,0,3,4,0,2,0,0,3,1,0,0,4,0,4,0,3,2,0,0,4,0,4,0,2,0,2,0,3,3,0,4,0,4,0,3,0,3,0,0,4,0,3,0,3,2,0,2,0,0,2,0,4,0,4,2,0,3,0,0,2,0,2,2,0,2,0,0,5,3,0,2,0,0,4,0,3,4,0,4,0,0,3,0,4,0,4,2,0,0,3,5,0,0,4,2,0,3,0,0,2,2,0,3,0,2,0,0,4,0,3,0,3,2,0,2,0,0,3,3,0,3,0,2,0,0,3,2,0,2,0,0,4,0,4,4,0,1,0,0,3
92,Female,20,Masculinity,3,0,3,0,0,6,2,0,0,3,0,5,0,4,2,0,4,0,3,0,5,0,0,6,0,3,0,4,0,3,0,5,4,0,4,0,6,0,6,0,0,3,0,4,0,4,0,4,0,4,0,4,0,4,4,0,3,0,3,0,2,0,5,0,5,0,5,0,3,0,3,0,0,4,3,0,0,3,0,5,5,0,0,4,2,0,0,3,0,6,0,6,4,0,3,0,0,6,3,0,4,0,3,0,4,0,4,0,0,3,0,6,4,0,0,5,0,6,4,0,0,4,3,0,0,3,3,0,0,2,0,6,3,0,0,5,5,0,0,3,4,0,0,2,0,5,0,4,4,0,6,0,0,5,0,6,0,5,0,3,4,0,0,6,3,0,0,4,7,0,3,0,0,5,0,4,5,0,3,0,2,0,6,0,0,4,4,0,2,0,0,4,0,3,3,0,4,0,0,4,3,0,5,0,4,0,0,5,4,0,3,0,0,6,3,0,0,5
103,Female,18,Symmetry,5,0,6,0,6,0,6,0,0,3,0,5,3,0,0,5,3,0,0,3,0,3,6,0,3,0,5,0,5,0,3,0,0,5,0,3,0,5,0,6,0,3,4,0,4,0,2,0,4,0,0,2,4,0,0,3,5,0,3,0,0,3,6,0,0,5,0,7,0,4,3,0,2,0,4,0,5,0,0,5,5,0,0,4,3,0,0,3,5,0,0,4,5,0,3,0,4,0,3,0,3,0,0,4,3,0,2,0,0,4,0,6,4,0,0,5,0,6,5,0,0,3,4,0,0,5,0,3,4,0,7,0,3,0,0,6,0,5,5,0,0,4,0,4,0,6,0,3,0,4,6,0,7,0,5,0,4,0,3,0,4,0,0,4,3,0,0,5,0,7,0,3,0,2,4,0,0,4,3,0,3,0,0,3,3,0,0,5,0,5,0,4,3,0,3,0,3,0,3,0,3,0,6,0,0,3,6,0,0,6,4,0,0,4,2,0,5,0
106,Female,19,Symmetry,0,4,3,0,2,0,3,0,0,1,0,2,0,2,0,2,2,0,4,0,0,2,0,2,2,0,2,0,0,4,0,2,3,0,1,0,4,0,0,4,1,0,2,0,3,0,3,0,4,0,0,2,0,2,0,2,3,0,0,2,0,3,4,0,3,0,0,4,3,0,2,0,0,3,2,0,0,3,2,0,0,3,3,0,0,3,2,0,2,0,0,2,0,3,0,2,0,4,0,3,2,0,2,0,0,2,0,3,2,0,4,0,4,0,3,0,5,0,2,0,1,0,2,0,0,3,3,0,0,4,0,2,0,2,4,0,0,4,0,5,0,3,2,0,4,0,2,0,2,0,5,0,4,0,0,4,3,0,3,0,2,0,0,5,3,0,0,3,5,0,3,0,0,2,0,3,0,2,0,2,3,0,2,0,2,0,0,4,0,2,0,2,2,0,2,0,0,3,2,0,0,2,0,2,3,0,2,0,5,0,0,2,4,0,0,2,3,0
106,Male,22,Symmetry,0,2,0,1,4,0,2,0,0,2,4,0,0,3,0,3,0,1,0,2,1,0,1,0,0,2,0,3,0,5,3,0,1,0,1,0,4,0,0,1,0,3,0,1,0,1,0,1,2,0,3,0,1,0,1,0,0,4,3,0,1,0,3,0,5,0,4,0,0,3,1,0,2,0,3,0,0,3,2,0,0,2,0,2,0,3,0,3,0,3,3,0,0,4,0,1,5,0,2,0,4,0,0,2,0,1,1,0,0,2,0,5,0,3,0,4,6,0,0,2,2,0,0,1,4,0,0,2,1,0,2,0,0,4,0,1,3,0,1,0,3,0,2,0,6,0,0,4,0,1,6,0,0,4,0,5,2,0,2,0,4,0,2,0,2,0,3,0,1,0,2,0,0,1,2,0,0,2,0,3,0,2,0,2,0,4,4,0,1,0,1,0,0,2,0,1,0,3,4,0,0,2,0,4,1,0,2,0,4,0,2,0,0,4,1,0,0,2
109,Male,20,Symmetry,0,1,0,2,2,0,2,0,1,0,2,0,3,0,0,1,1,0,3,0,1,0,0,3,0,1,3,0,4,0,3,0,0,3,2,0,1,0,0,4,2,0,0,3,1,0,0,1,2,0,0,2,2,0,2,0,0,1,1,0,2,0,0,4,0,2,0,5,2,0,0,1,0,1,2,0,0,3,0,3,0,4,0,2,0,2,2,0,2,0,0,4,2,0,0,2,4,0,0,3,2,0,1,0,3,0,0,2,0,2,0,6,0,2,0,4,0,4,0,2,0,2,0,1,1,0,0,2,0,1,4,0,2,0,0,3,0,3,0,3,2,0,0,2,5,0,0,3,0,2,3,0,0,3,0,5,2,0,2,0,2,0,4,0,0,1,2,0,0,4,4,0,2,0,0,4,0,2,2,0,0,1,0,2,0,2,0,4,0,2,0,2,0,2,0,2,1,0,0,2,3,0,0,3,1,0,4,0,0,4,0,2,0,3,0,1,3,0
112,Female,18,Symmetry,0,6,0,3,0,4,0,4,3,0,3,0,3,0,3,0,2,0,0,3,2,0,0,5,0,2,0,4,0,4,0,3,0,4,0,2,4,0,4,0,0,2,5,0,0,3,0,3,0,5,0,3,0,3,2,0,3,0,3,0,0,2,0,3,0,4,3,0,0,3,0,2,0,4,2,0,0,3,0,3,4,0,0,3,4,0,3,0,0,5,5,0,5,0,0,3,6,0,0,5,5,0,0,4,0,2,2,0,0,3,6,0,0,5,0,6,0,6,0,4,5,0,3,0,3,0,0,3,4,0,0,4,3,0,3,0,0,5,5,0,3,0,3,0,0,6,5,0,4,0,6,0,0,6,0,6,5,0,4,0,4,0,0,6,3,0,6,0,4,0,4,0,2,0,4,0,0,3,3,0,4,0,3,0,0,3,0,3,4,0,3,0,2,0,4,0,4,0,0,3,3,0,5,0,3,0,5,0,0,6,5,0,0,5,2,0,0,4
115,Female,18,Symmetry,0,6,4,0,0,7,0,3,3,0,0,6,5,0,3,0,0,3,3,0,3,0,0,5,0,2,0,3,5,0,0,4,0,6,2,0,0,3,5,0,3,0,0,4,0,4,2,0,4,0,0,4,5,0,0,3,0,5,0,3,4,0,0,4,6,0,0,5,3,0,0,1,6,0,0,3,0,3,4,0,7,0,4,0,5,0,2,0,0,6,4,0,0,6,0,2,6,0,4,0,0,3,4,0,0,3,4,0,0,3,0,6,0,7,0,4,0,4,0,4,0,7,0,2,3,0,3,0,2,0,0,5,3,0,0,5,6,0,0,5,0,5,0,3,7,0,4,0,2,0,6,0,0,4,6,0,3,0,0,4,3,0,5,0,1,0,0,4,7,0,4,0,3,0,0,4,2,0,3,0,4,0,0,3,5,0,4,0,5,0,0,2,0,3,0,4,0,4,0,4,4,0,0,6,0,3,0,6,0,5,0,4,5,0,1,0,6,0
118,Female,19,Symmetry,3,0,0,1,1,0,0,1,1,0,0,2,0,2,0,1,1,0,0,2,2,0,0,2,0,1,0,1,2,0,0,1,1,0,2,0,1,0,2,0,0,1,2,0,0,1,0,1,1,0,2,0,1,0,0,1,0,1,0,1,1,0,0,5,1,0,0,3,0,1,0,1,0,1,2,0,2,0,0,2,1,0,2,0,0,1,0,1,1,0,1,0,5,0,1,0,2,0,0,1,2,0,1,0,0,2,0,1,0,2,0,1,0,4,0,4,0,3,1,0,0,2,1,0,0,1,1,0,1,0,0,1,0,1,3,0,0,1,0,1,1,0,1,0,4,0,0,1,0,1,0,5,2,0,2,0,0,1,1,0,0,1,0,4,0,2,1,0,0,4,1,0,0,1,1,0,1,0,1,0,1,0,1,0,0,1,1,0,0,1,0,1,0,1,0,1,0,1,0,1,0,1,3,0,0,1,1,0,0,1,1,0,0,1,1,0,1,0
121,Female,18,Symmetry,0,6,2,0,6,0,3,0,0,2,0,2,0,3,0,2,2,0,2,0,4,0,0,5,0,2,0,4,2,0,5,0,0,5,1,0,0,2,2,0,2,0,5,0,0,5,0,5,2,0,3,0,0,3,0,1,2,0,0,1,2,0,0,5,0,2,0,3,0,2,0,1,2,0,0,2,0,3,4,0,0,6,2,0,0,2,0,2,5,0,0,3,4,0,0,3,5,0,0,3,0,3,3,0,0,5,2,0,2,0,0,5,4,0,3,0,5,0,2,0,0,4,0,1,2,0,1,0,2,0,0,5,2,0,0,4,0,5,0,1,2,0,2,0,6,0,0,4,0,4,0,6,0,5,4,0,2,0,5,0,2,0,6,0,0,2,0,4,6,0,2,0,0,3,3,0,0,2,0,2,0,3,0,2,0,4,0,4,0,2,2,0,0,4,0,1,0,2,0,4,4,0,0,5,5,0,0,4,5,0,3,0,6,0,0,1,2,0
124,Female,19,Symmetry,4,0,4,0,5,0,0,4,0,2,3,0,2,0,0,2,3,0,0,2,0,2,6,0,2,0,6,0,3,0,3,0,3,0,2,0,2,0,0,4,0,3,0,3,5,0,0,2,0,4,3,0,0,6,0,3,3,0,0,2,0,2,0,6,3,0,0,5,2,0,3,0,2,0,3,0,2,0,2,0,3,0,0,2,0,3,0,3,0,4,0,5,3,0,0,4,6,0,0,3,4,0,3,0,2,0,0,3,2,0,0,4,0,4,0,3,6,0,0,3,0,2,4,0,2,0,0,5,0,2,4,0,2,0,6,0,0,5,0,3,0,3,0,2,0,5,3,0,4,0,6,0,3,0,0,3,4,0,0,3,2,0,3,0,2,0,3,0,3,0,2,0,2,0,0,3,2,0,2,0,0,2,0,3,2,0,2,0,0,1,2,0,2,0,4,0,3,0,2,0,3,0,4,0,0,2,0,2,4,0,0,3,6,0,2,0,0,4
127,Female,19,Symmetry,5,0,0,3,0,2,1,0,0,1,0,4,4,0,3,0,1,0,0,1,0,2,0,3,0,1,0,3,0,4,0,2,1,0,0,1,0,4,4,0,0,1,4,0,0,2,0,2,0,7,0,3,0,1,0,3,3,0,0,2,0,2,0,7,1,0,0,5,0,2,0,2,4,0,4,0,0,3,0,2,4,0,3,0,0,4,0,3,0,6,5,0,2,0,1,0,5,0,0,4,0,2,0,1,0,2,0,2,2,0,0,5,2,0,2,0,5,0,2,0,0,2,1,0,1,0,0,3,2,0,4,0,2,0,0,2,0,2,3,0,0,5,2,0,5,0,0,5,0,2,0,6,0,4,3,0,3,0,2,0,3,0,7,0,0,4,3,0,0,1,5,0,2,0,3,0,3,0,2,0,0,2,3,0,2,0,0,2,0,1,3,0,4,0,2,0,3,0,2,0,0,3,3,0,0,2,0,2,2,0,0,1,7,0,1,0,0,3
130,Female,19,Symmetry,0,2,1,0,0,4,2,0,0,2,2,0,0,1,1,0,0,2,0,3,3,0,5,0,0,1,2,0,2,0,0,3,0,2,0,2,0,6,0,6,1,0,3,0,0,3,0,2,0,5,0,5,0,3,1,0,0,2,0,1,2,0,0,5,0,6,0,4,0,1,1,0,2,0,3,0,0,2,2,0,4,0,1,0,0,5,2,0,0,6,6,0,2,0,0,4,0,5,0,2,0,2,1,0,0,3,0,3,1,0,0,3,4,0,2,0,0,6,0,2,1,0,2,0,0,2,1,0,4,0,0,3,0,1,4,0,7,0,4,0,3,0,1,0,5,0,2,0,3,0,7,0,4,0,3,0,0,2,1,0,2,0,6,0,0,1,0,3,1,0,3,0,1,0,2,0,3,0,0,1,0,1,0,1,0,2,0,1,0,1,3,0,2,0,0,2,3,0,3,0,0,1,0,3,1,0,3,0,4,0,6,0,0,6,0,1,0,4
133,Female,21,Symmetry,4,0,0,2,4,0,0,3,4,0,0,4,4,0,4,0,0,4,3,0,3,0,4,0,1,0,4,0,0,3,4,0,0,2,0,2,0,3,5,0,3,0,4,0,0,3,0,3,5,0,0,4,3,0,3,0,0,4,2,0,3,0,4,0,0,5,0,6,2,0,0,4,0,4,0,3,3,0,3,0,5,0,0,4,3,0,0,3,4,0,4,0,5,0,0,2,4,0,2,0,0,4,0,3,0,5,3,0,0,3,0,6,0,6,0,5,4,0,4,0,2,0,2,0,0,1,0,2,0,2,0,4,2,0,4,0,0,6,3,0,0,3,2,0,0,6,0,5,3,0,0,5,0,5,0,4,0,5,0,3,0,4,0,4,0,3,3,0,4,0,0,3,2,0,0,5,0,3,3,0,4,0,2,0,3,0,4,0,1,0,0,3,3,0,3,0,0,5,0,4,0,3,4,0,0,5,0,5,0,5,0,2,5,0,3,0,3,0
136,Male,20,Symmetry,5,0,3,0,0,2,0,2,0,1,0,3,0,1,2,0,2,0,0,2,0,1,3,0,2,0,1,0,0,3,2,0,2,0,1,0,0,3,0,5,3,0,0,2,0,1,2,0,0,4,3,0,0,2,0,2,1,0,0,2,0,1,3,0,4,0,0,5,0,3,1,0,2,0,0,2,0,2,0,3,0,5,3,0,2,0,2,0,0,4,0,3,5,0,3,0,5,0,1,0,0,1,0,1,0,1,0,3,0,2,4,0,0,3,2,0,4,0,1,0,3,0,2,0,0,1,0,2,1,0,3,0,0,3,0,1,0,4,3,0,0,1,1,0,0,5,3,0,0,2,5,0,4,0,0,4,3,0,2,0,0,2,3,0,0,2,2,0,1,0,0,2,0,2,0,2,0,3,0,3,0,2,1,0,3,0,3,0,1,0,0,2,0,2,2,0,2,0,0,2,0,3,2,0,0,3,3,0,0,3,0,3,0,5,2,0,4,0
139,Female,19,Symmetry,4,0,0,4,0,5,5,0,3,0,0,5,0,4,0,3,0,4,4,0,4,0,0,5,0,4,5,0,0,4,5,0,4,0,0,4,4,0,5,0,0,4,5,0,3,0,0,5,5,0,0,4,0,4,0,5,3,0,0,4,3,0,5,0,0,5,4,0,0,3,0,4,4,0,0,5,4,0,0,6,0,5,4,0,0,4,0,4,0,5,5,0,0,5,0,4,0,5,3,0,0,3,3,0,5,0,4,0,0,4,4,0,5,0,0,4,5,0,4,0,0,3,0,4,4,0,5,0,0,4,0,4,3,0,4,0,0,5,0,3,4,0,0,4,0,5,4,0,5,0,0,5,0,5,5,0,4,0,0,4,6,0,5,0,4,0,0,4,0,5,0,4,4,0,4,0,0,5,4,0,0,4,3,0,4,0,0,4,4,0,0,5,4,0,3,0,4,0,4,0,0,3,2,0,3,0,0,6,4,0,0,4,0,5,0,3,6,0
142,Female,19,Symmetry,4,0,0,2,0,6,0,4,2,0,2,0,3,0,2,0,0,2,0,4,0,2,4,0,2,0,5,0,0,3,3,0,0,5,2,0,5,0,5,0,2,0,3,0,3,0,0,4,0,5,2,0,2,0,4,0,0,2,0,5,0,3,4,0,6,0,6,0,0,1,1,0,4,0,4,0,4,0,0,4,4,0,2,0,4,0,0,4,0,5,0,4,0,5,3,0,0,3,2,0,0,5,0,3,0,3,2,0,2,0,6,0,0,2,4,0,5,0,3,0,0,3,0,2,1,0,0,2,0,7,4,0,2,0,4,0,3,0,1,0,2,0,1,0,0,7,0,5,0,2,0,6,0,5,0,4,2,0,4,0,3,0,6,0,0,2,2,0,4,0,3,0,0,5,2,0,2,0,2,0,0,2,1,0,5,0,0,3,3,0,2,0,1,0,2,0,3,0,5,0,3,0,0,6,2,0,0,4,5,0,3,0,0,5,1,0,0,5
145,Male,18,Symmetry,6,0,2,0,2,0,0,2,2,0,0,2,0,2,0,1,0,1,3,0,0,1,0,3,2,0,0,3,3,0,1,0,2,0,0,1,0,2,5,0,0,1,3,0,3,0,2,0,2,0,2,0,2,0,0,1,0,2,1,0,0,1,0,2,5,0,0,3,0,2,0,1,0,3,1,0,1,0,0,2,1,0,2,0,1,0,0,2,2,0,0,4,3,0,0,2,7,0,0,3,4,0,2,0,1,0,2,0,0,2,0,2,0,5,2,0,4,0,0,3,2,0,1,0,1,0,0,1,0,2,0,3,3,0,0,2,2,0,2,0,2,0,0,1,0,7,0,2,1,0,7,0,0,4,5,0,2,0,2,0,3,0,0,4,1,0,2,0,2,0,2,0,2,0,0,3,0,1,0,1,0,1,0,2,0,2,2,0,1,0,0,2,2,0,1,0,0,2,4,0,0,1,3,0,1,0,0,3,3,0,4,0,2,0,1,0,2,0
148,Male,22,Symmetry,5,0,3,0,2,0,4,0,3,0,0,4,0,5,3,0,0,4,4,0,3,0,0,4,3,0,4,0,4,0,3,0,4,0,0,1,0,4,5,0,4,0,5,0,4,0,0,4,4,0,0,2,4,0,2,0,2,0,0,1,0,3,0,5,3,0,5,0,1,0,2,0,0,6,0,4,4,0,4,0,0,5,4,0,0,3,0,2,0,3,0,4,3,0,3,0,0,4,0,2,4,0,2,0,0,4,0,3,0,3,5,0,4,0,0,5,7,0,0,3,4,0,3,0,0,3,3,0,0,1,4,0,4,0,0,5,0,2,0,2,4,0,2,0,0,7,3,0,3,0,0,3,0,5,3,0,4,0,0,4,0,3,5,0,0,3,0,5,5,0,4,0,0,2,0,5,0,4,4,0,4,0,1,0,0,3,1,0,0,1,0,3,0,3,3,0,4,0,3,0,4,0,0,2,4,0,0,5,0,4,0,2,0,5,0,2,4,0
151,Male,20,Symmetry,4,0,1,0,1,0,4,0,1,0,1,0,1,0,0,1,0,1,1,0,0,1,0,2,2,0,1,0,1,0,0,3,1,0,0,1,1,0,1,0,2,0,1,0,0,2,0,1,1,0,1,0,1,0,0,1,1,0,0,1,2,0,1,0,3,0,0,1,0,3,0,1,0,2,0,1,2,0,3,0,0,2,1,0,0,2,2,0,0,3,5,0,0,2,2,0,0,5,2,0,0,1,0,1,1,0,2,0,1,0,1,0,0,1,3,0,3,0,1,0,0,1,0,1,2,0,1,0,1,0,1,0,0,1,0,1,2,0,0,1,2,0,1,0,3,0,0,1,0,3,0,5,2,0,5,0,0,4,1,0,0,1,0,3,1,0,0,3,1,0,2,0,1,0,2,0,0,2,1,0,0,3,1,0,0,1,4,0,0,1,0,1,0,1,0,2,0,1,1,0,1,0,0,2,0,2,0,2,0,1,1,0,4,0,0,1,0,1
154,Male,21,Symmetry,4,0,2,0,0,5,2,0,3,0,3,0,0,3,0,2,0,2,3,0,3,0,0,4,3,0,4,0,0,4,0,5,3,0,2,0,4,0,5,0,2,0,0,4,3,0,3,0,3,0,0,2,4,0,0,1,0,2,4,0,2,0,0,5,0,4,0,6,3,0,2,0,6,0,2,0,0,4,3,0,4,0,4,0,4,0,2,0,0,3,3,0,4,0,2,0,2,0,2,0,2,0,1,0,0,1,2,0,0,1,0,5,2,0,0,5,0,5,3,0,2,0,2,0,0,3,1,0,0,2,3,0,3,0,0,2,5,0,0,4,3,0,3,0,0,5,0,4,2,0,4,0,0,4,4,0,0,4,3,0,0,4,6,0,0,2,2,0,5,0,2,0,2,0,0,5,0,2,0,2,2,0,1,0,5,0,0,4,3,0,0,2,2,0,0,2,2,0,0,4,4,0,3,0,0,2,4,0,0,2,2,0,6,0,2,0,0,2
157,Male,19,Symmetry,0,2,0,2,1,0,0,3,0,1,0,4,0,1,0,3,0,2,2,0,0,2,3,0,2,0,0,2,0,4,0,1,3,0,1,0,3,0,0,3,3,0,3,0,0,1,0,2,0,3,3,0,0,3,0,2,1,0,2,0,0,2,4,0,0,5,5,0,2,0,0,1,2,0,0,3,0,2,3,0,3,0,0,2,0,1,2,0,0,4,0,4,2,0,0,1,4,0,2,0,3,0,0,1,3,0,0,1,0,1,4,0,0,5,0,4,0,3,0,3,0,3,0,1,0,2,1,0,0,1,0,3,0,2,2,0,0,3,3,0,3,0,2,0,0,6,0,2,2,0,5,0,0,4,0,3,0,3,3,0,2,0,2,0,1,0,0,3,4,0,2,0,0,2,3,0,0,3,2,0,2,0,0,3,0,2,2,0,1,0,1,0,0,2,0,2,2,0,0,2,2,0,2,0,0,1,0,3,4,0,2,0,2,0,0,1,0,3
160,Male,19,Symmetry,0,3,1,0,3,0,1,0,0,1,1,0,1,0,2,0,1,0,0,1,0,1,0,2,1,0,0,2,1,0,0,1,0,1,0,1,0,4,0,2,1,0,2,0,1,0,0,1,0,1,1,0,1,0,0,1,1,0,1,0,0,1,0,3,2,0,4,0,0,1,0,1,1,0,1,0,1,0,0,1,0,3,0,4,0,1,0,1,0,4,0,1,3,0,1,0,0,5,0,4,1,0,1,0,1,0,1,0,0,1,2,0,4,0,1,0,4,0,0,1,1,0,1,0,1,0,0,1,0,1,0,1,1,0,0,2,0,1,0,3,0,1,0,1,4,0,1,0,1,0,0,6,0,1,0,4,0,3,1,0,0,1,1,0,0,1,1,0,0,4,1,0,0,1,0,2,1,0,0,1,1,0,0,1,0,1,0,1,0,1,1,0,1,0,0,1,0,1,0,2,0,1,2,0,0,1,5,0,4,0,3,0,2,0,1,0,2,0
163,Male,21,Symmetry,4,0,0,1,0,3,0,4,0,1,1,0,0,4,1,0,0,1,0,3,0,3,0,5,0,1,0,4,0,5,2,0,0,1,1,0,4,0,6,0,0,1,0,2,2,0,2,0,0,2,4,0,0,1,1,0,1,0,1,0,1,0,0,4,2,0,0,7,0,1,0,1,0,3,0,2,2,0,1,0,7,0,5,0,0,1,0,1,2,0,0,1,2,0,0,2,1,0,0,5,1,0,3,0,3,0,4,0,1,0,5,0,7,0,1,0,1,0,4,0,0,1,1,0,0,1,1,0,1,0,2,0,0,1,0,7,0,5,0,1,0,1,3,0,0,4,2,0,0,2,0,2,0,6,0,4,0,6,2,0,0,5,4,0,1,0,0,4,5,0,0,2,1,0,2,0,0,2,2,0,0,5,3,0,0,5,0,3,0,2,0,1,3,0,0,2,0,3,0,4,0,4,0,7,0,5,0,2,2,0,5,0,0,6,1,0,0,2
166,Male,18,Symmetry,4,0,1,0,5,0,2,0,0,2,1,0,3,0,2,0,0,2,0,3,0,2,1,0,0,1,2,0,0,1,0,4,2,0,0,2,1,0,4,0,0,2,0,3,0,1,0,4,4,0,0,2,0,3,0,1,1,0,1,0,0,2,0,2,0,1,0,3,2,0,1,0,4,0,0,3,0,1,3,0,0,4,3,0,3,0,1,0,4,0,0,5,5,0,0,2,6,0,2,0,0,2,0,1,0,3,1,0,1,0,0,2,5,0,4,0,4,0,4,0,2,0,0,1,5,0,0,1,3,0,0,1,1,0,0,3,4,0,4,0,3,0,2,0,4,0,0,2,0,1,0,4,0,4,0,5,0,4,5,0,4,0,3,0,0,1,2,0,4,0,0,3,3,0,0,3,1,0,0,1,1,0,3,0,3,0,0,2,6,0,0,3,0,1,4,0,1,0,0,2,1,0,1,0,2,0,4,0,4,0,3,0,6,0,1,0,0,2
169,Male,21,Symmetry,0,5,1,0,5,0,4,0,0,2,2,0,2,0,0,2,1,0,0,2,2,0,2,0,3,0,0,3,0,2,0,3,0,2,3,0,3,0,0,6,0,2,2,0,0,2,2,0,0,3,1,0,0,3,0,1,0,3,2,0,0,2,2,0,2,0,0,3,1,0,0,1,3,0,1,0,0,3,0,3,1,0,3,0,1,0,1,0,0,4,3,0,0,7,0,1,7,0,0,1,2,0,1,0,3,0,0,2,2,0,3,0,2,0,0,4,0,4,6,0,0,1,1,0,0,1,1,0,1,0,2,0,0,1,1,0,5,0,0,2,0,3,0,1,0,4,0,2,3,0,0,4,0,3,0,3,3,0,0,3,2,0,0,1,2,0,3,0,3,0,2,0,1,0,2,0,0,2,1,0,3,0,0,1,0,3,2,0,0,2,0,2,0,1,0,2,1,0,0,3,0,6,5,0,0,1,0,3,4,0,5,0,0,7,0,1,0,4
172,Female,19,Symmetry,0,4,4,0,5,0,0,3,3,0,0,5,0,3,0,4,6,0,0,3,4,0,4,0,0,4,0,5,4,0,0,4,0,5,3,0,3,0,0,5,4,0,4,0,4,0,0,3,0,5,0,5,5,0,5,0,3,0,0,3,3,0,0,6,6,0,6,0,0,2,0,3,4,0,4,0,3,0,4,0,5,0,0,5,4,0,0,3,0,6,0,4,0,5,0,3,0,5,3,0,0,4,0,4,5,0,0,3,5,0,0,5,0,6,5,0,6,0,3,0,0,4,0,2,4,0,2,0,0,4,4,0,3,0,0,4,5,0,6,0,0,3,0,4,6,0,5,0,0,4,0,7,0,5,0,5,0,5,0,5,0,4,5,0,0,4,3,0,5,0,0,4,0,3,5,0,0,4,3,0,3,0,0,3,5,0,4,0,3,0,0,3,5,0,0,3,0,4,0,6,0,4,6,0,0,5,5,0,4,0,0,5,0,4,0,3,5,0
175,Male,21,Symmetry,0,6,3,0,0,3,0,3,0,3,0,5,0,4,3,0,0,2,0,2,0,3,0,3,0,2,0,3,0,4,0,5,0,3,0,3,0,4,4,0,0,3,4,0,3,0,3,0,0,5,0,4,3,0,0,3,0,4,0,3,2,0,5,0,4,0,4,0,4,0,2,0,0,3,3,0,3,0,0,3,0,3,0,4,5,0,0,3,0,2,2,0,0,3,3,0,4,0,4,0,3,0,3,0,3,0,3,0,0,3,4,0,4,0,4,0,0,6,5,0,3,0,3,0,4,0,2,0,0,2,3,0,0,3,0,5,0,4,0,3,4,0,0,2,0,5,0,3,0,3,0,5,3,0,0,5,0,4,3,0,0,4,0,5,0,4,3,0,5,0,3,0,3,0,0,2,0,2,2,0,3,0,0,4,4,0,4,0,0,3,0,3,3,0,3,0,3,0,0,2,3,0,4,0,2,0,0,5,0,3,4,0,0,5,1,0,3,0
178,Male,20,Symmetry,0,4,0,2,6,0,3,0,0,4,0,4,0,2,2,0,1,0,3,0,0,1,4,0,1,0,2,0,0,2,4,0,0,3,0,2,0,3,0,5,1,0,4,0,3,0,0,2,0,2,1,0,0,5,0,1,2,0,0,1,2,0,5,0,0,3,0,5,1,0,1,0,2,0,4,0,0,3,4,0,2,0,0,3,0,1,2,0,0,4,0,2,5,0,1,0,5,0,0,4,1,0,2,0,0,3,0,2,0,2,5,0,0,3,4,0,5,0,1,0,1,0,0,1,1,0,0,2,2,0,0,4,1,0,2,0,0,5,0,1,0,2,2,0,4,0,0,3,0,3,5,0,4,0,0,4,0,2,0,3,4,0,3,0,0,2,3,0,0,5,0,2,0,3,2,0,2,0,0,2,2,0,3,0,1,0,1,0,1,0,2,0,0,2,2,0,3,0,3,0,0,2,0,3,3,0,0,4,2,0,4,0,0,4,0,2,3,0
181,Female,22,Symmetry,5,0,0,5,4,0,2,0,4,0,0,3,0,5,5,0,3,0,0,3,2,0,0,5,2,0,0,4,3,0,4,0,2,0,0,4,0,3,0,5,1,0,0,2,3,0,2,0,3,0,0,2,0,3,5,0,3,0,0,1,2,0,5,0,5,0,0,6,1,0,2,0,2,0,0,4,3,0,4,0,5,0,4,0,0,2,0,2,4,0,4,0,5,0,2,0,6,0,0,2,1,0,0,1,0,2,0,1,3,0,7,0,0,4,5,0,0,5,0,2,2,0,2,0,0,1,2,0,3,0,0,7,3,0,3,0,6,0,3,0,3,0,1,0,5,0,4,0,3,0,0,6,0,6,0,5,0,3,0,3,0,3,5,0,0,4,0,4,0,6,2,0,0,4,0,5,0,3,1,0,4,0,0,2,0,3,0,2,0,2,0,3,0,1,0,1,3,0,0,6,2,0,4,0,2,0,0,2,6,0,3,0,5,0,3,0,0,4
184,Female,21,Symmetry,2,0,5,0,6,0,3,0,3,0,0,5,0,3,3,0,0,4,0,2,3,0,0,5,3,0,6,0,0,3,0,6,2,0,0,1,7,0,6,0,0,2,3,0,2,0,3,0,0,4,0,3,3,0,4,0,0,2,2,0,0,3,0,6,3,0,0,5,3,0,2,0,0,4,2,0,2,0,5,0,0,6,0,3,0,5,0,4,0,6,0,6,0,3,0,3,0,7,0,6,0,2,0,2,4,0,2,0,0,2,0,6,4,0,0,5,6,0,3,0,3,0,0,2,0,3,0,3,3,0,0,7,2,0,0,4,0,6,3,0,2,0,5,0,6,0,3,0,5,0,6,0,0,6,0,3,5,0,0,2,0,4,5,0,4,0,0,6,5,0,0,3,0,3,5,0,3,0,0,2,0,2,3,0,4,0,5,0,0,2,2,0,3,0,0,2,5,0,0,4,2,0,0,5,0,2,0,4,0,6,0,2,6,0,2,0,0,4
187,Female,19,Symmetry,3,0,3,0,5,0,4,0,3,0,0,2,0,3,0,2,0,4,0,2,3,0,4,0,2,0,3,0,4,0,4,0,2,0,0,2,3,0,5,0,2,0,0,3,0,2,0,2,0,2,4,0,0,2,0,2,2,0,1,0,2,0,0,4,4,0,0,5,0,2,0,2,0,2,0,3,0,4,0,3,0,4,2,0,0,4,2,0,5,0,2,0,4,0,0,2,0,3,0,3,2,0,3,0,3,0,0,4,2,0,3,0,3,0,2,0,3,0,3,0,0,3,2,0,0,2,2,0,3,0,0,5,0,2,5,0,4,0,2,0,0,2,0,3,0,3,3,0,3,0,5,0,3,0,0,4,0,4,2,0,3,0,0,4,2,0,0,2,0,4,2,0,0,2,3,0,3,0,0,4,0,2,0,3,0,2,0,2,3,0,0,2,2,0,2,0,2,0,2,0,2,0,3,0,2,0,3,0,4,0,4,0,4,0,0,2,0,3
190,Male,19,Symmetry,0,4,0,1,4,0,0,2,1,0,3,0,3,0,0,1,0,1,2,0,1,0,0,5,0,3,3,0,0,4,4,0,0,2,1,0,3,0,0,5,2,0,0,1,0,3,0,2,3,0,0,2,3,0,2,0,1,0,0,2,0,2,0,3,0,4,0,4,0,2,0,2,0,3,0,2,2,0,2,0,0,5,2,0,3,0,0,2,4,0,0,4,3,0,2,0,0,6,0,2,2,0,0,2,5,0,2,0,2,0,4,0,2,0,0,3,3,0,0,2,2,0,2,0,0,1,2,0,1,0,3,0,1,0,4,0,0,4,0,1,3,0,2,0,5,0,2,0,2,0,0,6,0,5,0,3,1,0,0,3,2,0,4,0,0,2,2,0,0,3,2,0,0,1,0,4,0,3,1,0,2,0,0,1,2,0,0,1,0,2,0,2,2,0,2,0,2,0,2,0,2,0,2,0,2,0,0,3,0,5,0,4,0,6,0,1,4,0
193,Female,22,Symmetry,4,0,4,0,0,5,0,2,3,0,5,0,5,0,2,0,5,0,0,3,0,5,6,0,3,0,0,3,4,0,0,2,0,3,4,0,5,0,0,5,4,0,0,5,5,0,5,0,4,0,5,0,2,0,4,0,0,2,3,0,3,0,0,6,7,0,5,0,0,1,0,3,0,3,0,4,3,0,0,4,0,5,4,0,6,0,2,0,4,0,0,5,3,0,2,0,6,0,5,0,5,0,4,0,0,3,0,5,0,4,6,0,2,0,5,0,0,5,0,5,0,2,5,0,4,0,4,0,0,6,6,0,0,1,7,0,0,7,0,3,6,0,1,0,6,0,0,4,7,0,0,7,0,5,6,0,4,0,0,3,4,0,0,6,0,4,5,0,0,5,6,0,2,0,5,0,0,4,0,2,0,3,0,4,1,0,0,6,0,5,6,0,0,3,4,0,0,3,0,5,1,0,6,0,5,0,6,0,0,5,0,4,5,0,0,3,0,6
196,Female,20,Symmetry,3,0,0,4,4,0,4,0,0,2,0,4,2,0,0,1,4,0,0,3,0,1,0,4,0,1,0,5,0,2,0,4,4,0,1,0,0,5,4,0,1,0,0,5,0,1,3,0,0,5,1,0,0,4,3,0,2,0,0,2,0,1,4,0,5,0,4,0,0,1,0,2,0,3,3,0,0,4,0,3,3,0,4,0,3,0,0,2,0,4,4,0,4,0,1,0,0,3,2,0,0,2,2,0,0,4,2,0,3,0,0,6,0,3,3,0,5,0,0,2,0,2,1,0,0,1,0,2,0,1,0,5,2,0,2,0,4,0,2,0,0,2,0,1,0,4,1,0,3,0,6,0,5,0,4,0,1,0,0,2,6,0,0,4,0,2,0,4,5,0,0,5,0,1,0,4,0,2,2,0,0,3,0,1,0,4,0,2,1,0,3,0,2,0,0,2,0,3,0,4,0,1,0,2,0,2,4,0,6,0,2,0,3,0,1,0,0,5
199,Female,19,Symmetry,0,4,0,4,5,0,0,4,3,0,0,3,4,0,3,0,2,0,3,0,0,2,0,4,3,0,5,0,5,0,3,0,2,0,3,0,0,4,5,0,0,3,0,4,0,4,4,0,0,4,0,3,4,0,4,0,0,3,0,2,2,0,5,0,4,0,0,5,0,2,2,0,0,3,0,3,0,4,0,3,5,0,0,3,0,4,3,0,5,0,0,3,3,0,3,0,5,0,0,3,0,3,0,3,4,0,3,0,0,3,0,5,4,0,4,0,0,4,2,0,3,0,0,2,4,0,2,0,3,0,4,0,0,2,5,0,0,5,0,3,3,0,0,2,4,0,0,3,3,0,0,5,0,5,0,4,3,0,0,4,0,3,5,0,0,2,4,0,0,4,3,0,0,3,0,3,3,0,0,3,0,2,2,0,0,3,0,5,3,0,4,0,3,0,0,3,0,4,0,4,0,3,0,4,3,0,0,5,0,5,5,0,5,0,1,0,0,4
202,Female,19,Symmetry,4,0,0,2,0,3,0,3,0,4,0,3,3,0,3,0,2,0,1,0,0,1,0,6,2,0,0,3,4,0,2,0,2,0,0,2,5,0,0,5,0,3,5,0,3,0,0,3,0,4,0,2,5,0,3,0,1,0,2,0,0,2,5,0,3,0,0,4,3,0,2,0,5,0,0,4,0,5,0,4,4,0,1,0,3,0,2,0,4,0,0,4,0,5,1,0,3,0,0,3,1,0,3,0,3,0,2,0,1,0,0,6,4,0,2,0,0,2,0,1,0,1,0,3,0,1,0,1,0,4,5,0,0,2,6,0,5,0,5,0,2,0,1,0,3,0,3,0,0,5,0,6,0,6,0,4,2,0,0,3,3,0,4,0,2,0,2,0,0,6,2,0,0,3,3,0,0,3,0,2,0,3,2,0,0,2,3,0,3,0,4,0,3,0,0,3,4,0,2,0,0,1,0,3,0,3,3,0,5,0,0,3,4,0,0,2,0,4
205,Female,22,Symmetry,0,5,0,1,5,0,0,6,4,0,4,0,5,0,4,0,0,4,2,0,0,3,5,0,0,2,0,5,0,3,0,4,5,0,0,4,6,0,6,0,0,2,6,0,0,1,0,4,3,0,5,0,0,2,0,4,0,1,1,0,0,4,4,0,0,5,6,0,2,0,4,0,2,0,4,0,0,4,6,0,6,0,0,4,0,1,4,0,5,0,4,0,2,0,0,4,6,0,2,0,0,4,0,3,0,4,2,0,0,5,6,0,5,0,2,0,4,0,0,3,0,3,2,0,4,0,0,3,0,1,0,6,2,0,0,6,0,5,5,0,0,6,0,3,7,0,0,2,5,0,7,0,0,6,0,3,2,0,0,6,5,0,7,0,0,3,0,3,0,3,0,4,0,5,0,4,5,0,0,2,0,4,4,0,0,6,2,0,0,1,0,4,5,0,0,4,1,0,0,6,0,3,0,4,3,0,2,0,0,6,0,4,0,7,2,0,0,6
208,Female,18,Symmetry,0,2,0,1,1,0,5,0,0,1,1,0,1,0,2,0,0,1,2,0,0,1,0,1,1,0,1,0,0,1,1,0,0,3,1,0,1,0,0,3,1,0,0,2,0,1,0,3,0,1,1,0,1,0,0,1,0,1,0,2,1,0,0,1,0,2,2,0,0,1,0,1,1,0,2,0,0,1,0,1,0,1,1,0,1,0,0,1,0,1,0,1,0,1,0,2,1,0,0,2,2,0,0,1,1,0,1,0,2,0,0,1,3,0,0,2,0,3,1,0,0,2,2,0,0,2,1,0,0,1,0,1,0,2,0,1,0,1,0,4,0,1,1,0,0,1,0,1,0,1,1,0,1,0,0,1,2,0,2,0,0,2,0,2,0,1,1,0,2,0,0,1,1,0,1,0,1,0,2,0,0,1,0,1,0,1,0,1,1,0,2,0,1,0,1,0,0,2,0,1,0,1,1,0,0,1,1,0,0,2,0,1,0,3,0,1,0,1
211,Female,18,Symmetry,0,6,4,0,0,5,0,5,3,0,0,4,0,4,3,0,0,4,4,0,4,0,6,0,3,0,0,4,5,0,0,4,0,5,0,6,5,0,0,5,4,0,5,0,0,4,4,0,4,0,4,0,3,0,4,0,0,4,4,0,3,0,0,5,5,0,6,0,0,3,0,3,0,4,0,5,5,0,0,4,0,5,0,4,0,3,4,0,4,0,4,0,0,5,3,0,5,0,0,4,0,5,0,4,0,4,4,0,0,5,6,0,6,0,0,5,6,0,0,4,2,0,4,0,4,0,0,3,0,3,0,4,4,0,0,5,5,0,3,0,3,0,0,4,0,6,5,0,3,0,0,6,5,0,0,4,4,0,3,0,5,0,0,6,4,0,5,0,0,4,0,5,2,0,0,3,0,3,3,0,0,4,0,4,4,0,3,0,0,3,0,5,4,0,4,0,0,4,0,4,0,4,0,5,4,0,0,5,0,5,6,0,5,0,3,0,0,3
214,Female,20,Symmetry,0,3,0,4,3,0,0,4,0,3,4,0,4,0,3,0,0,2,0,4,0,2,0,5,0,2,0,3,3,0,0,4,0,4,3,0,3,0,0,5,3,0,5,0,0,3,0,3,0,4,0,3,3,0,0,4,3,0,0,3,0,2,4,0,5,0,0,5,0,2,0,3,0,4,5,0,0,3,0,3,4,0,0,4,0,3,0,3,5,0,0,4,5,0,0,2,5,0,0,4,3,0,0,2,0,4,0,4,0,3,5,0,0,4,0,4,5,0,3,0,2,0,0,2,0,2,0,3,3,0,4,0,0,3,5,0,0,5,0,4,5,0,0,2,6,0,0,3,0,3,0,6,0,4,0,5,0,4,3,0,0,4,0,5,2,0,4,0,5,0,4,0,0,2,0,4,0,3,2,0,0,3,2,0,4,0,0,3,3,0,0,3,3,0,3,0,0,3,3,0,4,0,3,0,3,0,5,0,0,5,0,4,4,0,0,3,4,0
217,Female,19,Symmetry,0,2,0,4,6,0,0,4,0,1,2,0,0,2,0,3,3,0,3,0,2,0,0,5,1,0,0,2,0,2,0,4,0,3,0,1,0,3,0,5,0,1,3,0,0,2,2,0,3,0,3,0,0,4,0,3,0,2,2,0,1,0,0,2,0,4,0,5,0,1,1,0,2,0,0,4,0,2,0,3,5,0,0,3,2,0,0,1,0,4,3,0,0,3,0,3,0,5,3,0,3,0,1,0,3,0,0,2,2,0,2,0,0,2,0,5,6,0,0,2,0,3,0,1,0,4,3,0,0,2,4,0,1,0,0,4,0,1,2,0,1,0,1,0,6,0,0,2,4,0,6,0,5,0,3,0,0,6,0,3,0,4,4,0,1,0,4,0,2,0,0,2,3,0,2,0,0,2,4,0,4,0,0,1,3,0,1,0,1,0,4,0,0,2,1,0,0,3,4,0,3,0,0,3,0,3,5,0,0,5,0,5,3,0,0,1,4,0
220,Male,21,Symmetry,3,0,0,3,0,3,3,0,2,0,0,2,1,0,2,0,0,1,0,2,0,3,4,0,1,0,3,0,3,0,3,0,3,0,2,0,0,3,4,0,0,2,3,0,1,0,2,0,0,2,0,3,0,4,0,2,3,0,0,2,2,0,4,0,0,4,5,0,3,0,0,1,3,0,2,0,0,2,0,2,0,2,2,0,1,0,1,0,4,0,0,4,5,0,0,1,0,6,0,3,0,3,0,1,0,2,0,2,0,2,5,0,4,0,0,6,0,6,0,2,1,0,1,0,0,3,0,1,0,2,2,0,0,1,0,2,4,0,5,0,1,0,0,2,0,6,0,4,2,0,4,0,0,6,4,0,0,4,0,3,0,3,0,5,0,2,0,4,2,0,0,1,2,0,4,0,0,2,1,0,0,2,0,2,3,0,3,0,1,0,0,2,3,0,3,0,2,0,0,2,0,2,0,4,0,2,0,4,5,0,0,2,0,3,1,0,2,0
275,Male,20,Symmetry,0,3,2,0,0,1,3,0,1,0,0,2,0,1,0,1,0,1,1,0,1,0,0,2,1,0,0,1,0,1,0,1,3,0,0,1,0,2,2,0,0,1,1,0,0,1,0,1,0,1,0,1,0,1,0,2,1,0,1,0,1,0,2,0,0,1,3,0,0,1,1,0,2,0,0,2,0,1,0,2,1,0,2,0,0,2,1,0,0,2,0,5,0,3,2,0,0,3,4,0,1,0,0,1,0,1,1,0,1,0,0,3,0,2,1,0,0,5,0,1,2,0,0,1,2,0,0,1,0,6,0,2,1,0,0,1,0,2,2,0,0,1,1,0,0,3,2,0,0,1,0,2,0,2,2,0,2,0,1,0,0,3,2,0,1,0,2,0,0,1,2,0,0,1,0,2,0,1,1,0,0,1,1,0,1,0,0,1,0,1,2,0,0,1,1,0,0,1,0,2,1,0,0,2,1,0,0,2,0,2,0,1,0,2,0,1,0,1
